  commands.cpp
E:\Downloads\Plugins\sdk\Chat.h(36,11): error C2429: language feature 'nested-namespace-definition' requires compiler flag '/std:c++17'
  (compiling source file 'commands.cpp')
  
E:\Downloads\Plugins\sdk\Commands.h(43,11): error C2429: language feature 'nested-namespace-definition' requires compiler flag '/std:c++17'
  (compiling source file 'commands.cpp')
  
E:\Downloads\Plugins\sdk\Commands.h(57,21): error C3083: 'ranges': the symbol to the left of a '::' must be a type
  (compiling source file 'commands.cpp')
  
E:\Downloads\Plugins\sdk\Commands.h(57,29): error C2672: 'std::any_of': no matching overloaded function found
  (compiling source file 'commands.cpp')
      C:\Program Files\Microsoft Visual Studio\18\Community\VC\Tools\MSVC\14.50.35717\include\algorithm(1530,30):
      could be 'bool std::any_of(const _InIt,const _InIt,_Pr)'
          E:\Downloads\Plugins\sdk\Commands.h(57,29):
          'bool std::any_of(const _InIt,const _InIt,_Pr)': expects 3 arguments - 2 provided
  
E:\Downloads\Plugins\sdk\Commands.h(156,26): warning C4267: 'return': conversion from 'size_t' to 'uint32_t', possible loss of data
  (compiling source file 'commands.cpp')
  
E:\Downloads\Plugins\sdk\ErrorHandling.h(51,11): error C2429: language feature 'nested-namespace-definition' requires compiler flag '/std:c++17'
  (compiling source file 'commands.cpp')
  
E:\Downloads\Plugins\sdk\ErrorHandling.h(156,34): warning C4535: calling _set_se_translator() requires /EHa
  (compiling source file 'commands.cpp')
  
E:\Downloads\Plugins\sdk\Memory.h(110,1): error C2429: language feature 'init-statements in if/switch' requires compiler flag '/std:c++17'
  (compiling source file 'commands.cpp')
  
E:\Downloads\Plugins\sdk\Threading.h(37,11): error C2429: language feature 'nested-namespace-definition' requires compiler flag '/std:c++17'
  (compiling source file 'commands.cpp')
  
E:\Downloads\Plugins\sdk\Threading.h(356,1): error C2429: language feature 'init-statements in if/switch' requires compiler flag '/std:c++17'
  (compiling source file 'commands.cpp')
  
E:\Downloads\Plugins\sdk\ffxi\autofollow.h(34,11): error C2429: language feature 'nested-namespace-definition' requires compiler flag '/std:c++17'
  (compiling source file 'commands.cpp')
  
E:\Downloads\Plugins\sdk\ffxi\castbar.h(34,11): error C2429: language feature 'nested-namespace-definition' requires compiler flag '/std:c++17'
  (compiling source file 'commands.cpp')
  
E:\Downloads\Plugins\sdk\ffxi\config.h(42,11): error C2429: language feature 'nested-namespace-definition' requires compiler flag '/std:c++17'
  (compiling source file 'commands.cpp')
  
E:\Downloads\Plugins\sdk\ffxi\entity.h(34,11): error C2429: language feature 'nested-namespace-definition' requires compiler flag '/std:c++17'
  (compiling source file 'commands.cpp')
  
E:\Downloads\Plugins\sdk\ffxi\enums.h(33,11): error C2429: language feature 'nested-namespace-definition' requires compiler flag '/std:c++17'
  (compiling source file 'commands.cpp')
  
E:\Downloads\Plugins\sdk\ffxi\inventory.h(35,11): error C2429: language feature 'nested-namespace-definition' requires compiler flag '/std:c++17'
  (compiling source file 'commands.cpp')
  
E:\Downloads\Plugins\sdk\ffxi\party.h(34,11): error C2429: language feature 'nested-namespace-definition' requires compiler flag '/std:c++17'
  (compiling source file 'commands.cpp')
  
E:\Downloads\Plugins\sdk\ffxi\player.h(34,11): error C2429: language feature 'nested-namespace-definition' requires compiler flag '/std:c++17'
  (compiling source file 'commands.cpp')
  
E:\Downloads\Plugins\sdk\ffxi\target.h(34,11): error C2429: language feature 'nested-namespace-definition' requires compiler flag '/std:c++17'
  (compiling source file 'commands.cpp')
  
E:\Downloads\Plugins\common\Output.h(33,24): warning C4267: 'initializing': conversion from 'size_t' to 'int', possible loss of data
  (compiling source file 'commands.cpp')
  
E:\Downloads\Plugins\common\Output.h(37,35): warning C4267: '=': conversion from 'size_t' to 'int', possible loss of data
  (compiling source file 'commands.cpp')
  
E:\Downloads\Plugins\common\Output.h(40,27): warning C4267: '=': conversion from 'size_t' to 'int', possible loss of data
  (compiling source file 'commands.cpp')
  
E:\Downloads\Plugins\common\Output.h(44,35): warning C4267: '=': conversion from 'size_t' to 'int', possible loss of data
  (compiling source file 'commands.cpp')
  
E:\Downloads\Plugins\common\Output.h(76,24): warning C4267: 'initializing': conversion from 'size_t' to 'int', possible loss of data
  (compiling source file 'commands.cpp')
  
E:\Downloads\Plugins\common\Output.h(80,35): warning C4267: '=': conversion from 'size_t' to 'int', possible loss of data
  (compiling source file 'commands.cpp')
  
E:\Downloads\Plugins\common\Output.h(83,27): warning C4267: '=': conversion from 'size_t' to 'int', possible loss of data
  (compiling source file 'commands.cpp')
  
E:\Downloads\Plugins\common\Output.h(87,35): warning C4267: '=': conversion from 'size_t' to 'int', possible loss of data
  (compiling source file 'commands.cpp')
  
E:\Downloads\Plugins\common\Output.h(110,24): warning C4267: 'initializing': conversion from 'size_t' to 'int', possible loss of data
  (compiling source file 'commands.cpp')
  
E:\Downloads\Plugins\common\Output.h(114,35): warning C4267: '=': conversion from 'size_t' to 'int', possible loss of data
  (compiling source file 'commands.cpp')
  
E:\Downloads\Plugins\common\Output.h(117,27): warning C4267: '=': conversion from 'size_t' to 'int', possible loss of data
  (compiling source file 'commands.cpp')
  
E:\Downloads\Plugins\common\Output.h(121,35): warning C4267: '=': conversion from 'size_t' to 'int', possible loss of data
  (compiling source file 'commands.cpp')
  
C:\Program Files\Microsoft Visual Studio\18\Community\VC\Tools\MSVC\14.50.35717\include\filesystem(12): warning STL4038: The contents of <filesystem> are available only with C++17 or later.
E:\Downloads\Plugins\common\Settings.h(83,24): error C3083: 'filesystem': the symbol to the left of a '::' must be a type
  (compiling source file 'commands.cpp')
  
E:\Downloads\Plugins\common\Settings.h(83,36): error C2039: 'exists': is not a member of 'std'
  (compiling source file 'commands.cpp')
      C:\Program Files\Microsoft Visual Studio\18\Community\VC\Tools\MSVC\14.50.35717\include\fstream(20,1):
      see declaration of 'std'
  
E:\Downloads\Plugins\common\Settings.h(83,36): error C2064: term does not evaluate to a function taking 1 arguments
  (compiling source file 'commands.cpp')
  
E:\Downloads\Plugins\common\Settings.h(91,18): error C3083: 'filesystem': the symbol to the left of a '::' must be a type
  (compiling source file 'commands.cpp')
  
E:\Downloads\Plugins\common\Settings.h(91,30): error C2039: 'exists': is not a member of 'std'
  (compiling source file 'commands.cpp')
      C:\Program Files\Microsoft Visual Studio\18\Community\VC\Tools\MSVC\14.50.35717\include\fstream(20,1):
      see declaration of 'std'
  
E:\Downloads\Plugins\common\Settings.h(91,30): error C3861: 'exists': identifier not found
  (compiling source file 'commands.cpp')
  
E:\Downloads\Plugins\common\Settings.h(95,18): error C3083: 'filesystem': the symbol to the left of a '::' must be a type
  (compiling source file 'commands.cpp')
  
E:\Downloads\Plugins\common\Settings.h(95,30): error C2039: 'exists': is not a member of 'std'
  (compiling source file 'commands.cpp')
      C:\Program Files\Microsoft Visual Studio\18\Community\VC\Tools\MSVC\14.50.35717\include\fstream(20,1):
      see declaration of 'std'
  
E:\Downloads\Plugins\common\Settings.h(95,30): error C3861: 'exists': identifier not found
  (compiling source file 'commands.cpp')
  
E:\Downloads\Plugins\common\Settings.h(105,18): error C3083: 'filesystem': the symbol to the left of a '::' must be a type
  (compiling source file 'commands.cpp')
  
E:\Downloads\Plugins\common\Settings.h(105,30): error C2039: 'exists': is not a member of 'std'
  (compiling source file 'commands.cpp')
      C:\Program Files\Microsoft Visual Studio\18\Community\VC\Tools\MSVC\14.50.35717\include\fstream(20,1):
      see declaration of 'std'
  
E:\Downloads\Plugins\common\Settings.h(105,30): error C3861: 'exists': identifier not found
  (compiling source file 'commands.cpp')
  
E:\Downloads\Plugins\common\Settings.h(109,18): error C3083: 'filesystem': the symbol to the left of a '::' must be a type
  (compiling source file 'commands.cpp')
  
E:\Downloads\Plugins\common\Settings.h(109,30): error C2039: 'exists': is not a member of 'std'
  (compiling source file 'commands.cpp')
      C:\Program Files\Microsoft Visual Studio\18\Community\VC\Tools\MSVC\14.50.35717\include\fstream(20,1):
      see declaration of 'std'
  
E:\Downloads\Plugins\common\Settings.h(109,30): error C3861: 'exists': identifier not found
  (compiling source file 'commands.cpp')
  
E:\Downloads\Plugins\common\Settings.h(113,18): error C3083: 'filesystem': the symbol to the left of a '::' must be a type
  (compiling source file 'commands.cpp')
  
E:\Downloads\Plugins\common\Settings.h(113,30): error C2039: 'exists': is not a member of 'std'
  (compiling source file 'commands.cpp')
      C:\Program Files\Microsoft Visual Studio\18\Community\VC\Tools\MSVC\14.50.35717\include\fstream(20,1):
      see declaration of 'std'
  
E:\Downloads\Plugins\common\Settings.h(113,30): error C3861: 'exists': identifier not found
  (compiling source file 'commands.cpp')
  
E:\Downloads\Plugins\common\Settings.h(117,18): error C3083: 'filesystem': the symbol to the left of a '::' must be a type
  (compiling source file 'commands.cpp')
  
E:\Downloads\Plugins\common\Settings.h(117,30): error C2039: 'exists': is not a member of 'std'
  (compiling source file 'commands.cpp')
      C:\Program Files\Microsoft Visual Studio\18\Community\VC\Tools\MSVC\14.50.35717\include\fstream(20,1):
      see declaration of 'std'
  
E:\Downloads\Plugins\common\Settings.h(117,30): error C3861: 'exists': identifier not found
  (compiling source file 'commands.cpp')
  
E:\Downloads\Plugins\common\Settings.h(126,18): error C3083: 'filesystem': the symbol to the left of a '::' must be a type
  (compiling source file 'commands.cpp')
  
E:\Downloads\Plugins\common\Settings.h(126,30): error C2039: 'exists': is not a member of 'std'
  (compiling source file 'commands.cpp')
      C:\Program Files\Microsoft Visual Studio\18\Community\VC\Tools\MSVC\14.50.35717\include\fstream(20,1):
      see declaration of 'std'
  
E:\Downloads\Plugins\common\Settings.h(126,30): error C3861: 'exists': identifier not found
  (compiling source file 'commands.cpp')
  
E:\Downloads\Plugins\common\Settings.h(130,18): error C3083: 'filesystem': the symbol to the left of a '::' must be a type
  (compiling source file 'commands.cpp')
  
E:\Downloads\Plugins\common\Settings.h(130,30): error C2039: 'exists': is not a member of 'std'
  (compiling source file 'commands.cpp')
      C:\Program Files\Microsoft Visual Studio\18\Community\VC\Tools\MSVC\14.50.35717\include\fstream(20,1):
      see declaration of 'std'
  
E:\Downloads\Plugins\common\Settings.h(130,30): error C3861: 'exists': identifier not found
  (compiling source file 'commands.cpp')
  
E:\Downloads\Plugins\common\Settings.h(134,18): error C3083: 'filesystem': the symbol to the left of a '::' must be a type
  (compiling source file 'commands.cpp')
  
E:\Downloads\Plugins\common\Settings.h(134,30): error C2039: 'exists': is not a member of 'std'
  (compiling source file 'commands.cpp')
      C:\Program Files\Microsoft Visual Studio\18\Community\VC\Tools\MSVC\14.50.35717\include\fstream(20,1):
      see declaration of 'std'
  
E:\Downloads\Plugins\common\Settings.h(134,30): error C3861: 'exists': identifier not found
  (compiling source file 'commands.cpp')
  
E:\Downloads\Plugins\common\Settings.h(138,18): error C3083: 'filesystem': the symbol to the left of a '::' must be a type
  (compiling source file 'commands.cpp')
  
E:\Downloads\Plugins\common\Settings.h(138,30): error C2039: 'exists': is not a member of 'std'
  (compiling source file 'commands.cpp')
      C:\Program Files\Microsoft Visual Studio\18\Community\VC\Tools\MSVC\14.50.35717\include\fstream(20,1):
      see declaration of 'std'
  
E:\Downloads\Plugins\common\Settings.h(138,30): error C3861: 'exists': identifier not found
  (compiling source file 'commands.cpp')
  
E:\Downloads\Plugins\common\Settings.h(141,18): error C3083: 'filesystem': the symbol to the left of a '::' must be a type
  (compiling source file 'commands.cpp')
  
E:\Downloads\Plugins\common\Settings.h(141,30): error C2039: 'exists': is not a member of 'std'
  (compiling source file 'commands.cpp')
      C:\Program Files\Microsoft Visual Studio\18\Community\VC\Tools\MSVC\14.50.35717\include\fstream(20,1):
      see declaration of 'std'
  
E:\Downloads\Plugins\common\Settings.h(141,30): error C3861: 'exists': identifier not found
  (compiling source file 'commands.cpp')
  
E:\Downloads\Plugins\common\Settings.h(145,18): error C3083: 'filesystem': the symbol to the left of a '::' must be a type
  (compiling source file 'commands.cpp')
  
E:\Downloads\Plugins\common\Settings.h(145,30): error C2039: 'exists': is not a member of 'std'
  (compiling source file 'commands.cpp')
      C:\Program Files\Microsoft Visual Studio\18\Community\VC\Tools\MSVC\14.50.35717\include\fstream(20,1):
      see declaration of 'std'
  
E:\Downloads\Plugins\common\Settings.h(145,30): error C3861: 'exists': identifier not found
  (compiling source file 'commands.cpp')
  
E:\Downloads\Plugins\common\Settings.h(154,18): error C3083: 'filesystem': the symbol to the left of a '::' must be a type
  (compiling source file 'commands.cpp')
  
E:\Downloads\Plugins\common\Settings.h(154,30): error C2039: 'exists': is not a member of 'std'
  (compiling source file 'commands.cpp')
      C:\Program Files\Microsoft Visual Studio\18\Community\VC\Tools\MSVC\14.50.35717\include\fstream(20,1):
      see declaration of 'std'
  
E:\Downloads\Plugins\common\Settings.h(154,30): error C3861: 'exists': identifier not found
  (compiling source file 'commands.cpp')
  
E:\Downloads\Plugins\common\Settings.h(158,18): error C3083: 'filesystem': the symbol to the left of a '::' must be a type
  (compiling source file 'commands.cpp')
  
E:\Downloads\Plugins\common\Settings.h(158,30): error C2039: 'exists': is not a member of 'std'
  (compiling source file 'commands.cpp')
      C:\Program Files\Microsoft Visual Studio\18\Community\VC\Tools\MSVC\14.50.35717\include\fstream(20,1):
      see declaration of 'std'
  
E:\Downloads\Plugins\common\Settings.h(158,30): error C3861: 'exists': identifier not found
  (compiling source file 'commands.cpp')
  
E:\Downloads\Plugins\common\Settings.h(162,18): error C3083: 'filesystem': the symbol to the left of a '::' must be a type
  (compiling source file 'commands.cpp')
  
E:\Downloads\Plugins\common\Settings.h(162,30): error C2039: 'exists': is not a member of 'std'
  (compiling source file 'commands.cpp')
      C:\Program Files\Microsoft Visual Studio\18\Community\VC\Tools\MSVC\14.50.35717\include\fstream(20,1):
      see declaration of 'std'
  
E:\Downloads\Plugins\common\Settings.h(162,30): error C3861: 'exists': identifier not found
  (compiling source file 'commands.cpp')
  
E:\Downloads\Plugins\common\Settings.h(166,18): error C3083: 'filesystem': the symbol to the left of a '::' must be a type
  (compiling source file 'commands.cpp')
  
E:\Downloads\Plugins\common\Settings.h(166,30): error C2039: 'exists': is not a member of 'std'
  (compiling source file 'commands.cpp')
      C:\Program Files\Microsoft Visual Studio\18\Community\VC\Tools\MSVC\14.50.35717\include\fstream(20,1):
      see declaration of 'std'
  
E:\Downloads\Plugins\common\Settings.h(166,30): error C3861: 'exists': identifier not found
  (compiling source file 'commands.cpp')
  
E:\Downloads\Plugins\common\Settings.h(170,18): error C3083: 'filesystem': the symbol to the left of a '::' must be a type
  (compiling source file 'commands.cpp')
  
E:\Downloads\Plugins\common\Settings.h(170,30): error C2039: 'exists': is not a member of 'std'
  (compiling source file 'commands.cpp')
      C:\Program Files\Microsoft Visual Studio\18\Community\VC\Tools\MSVC\14.50.35717\include\fstream(20,1):
      see declaration of 'std'
  
E:\Downloads\Plugins\common\Settings.h(170,30): error C3861: 'exists': identifier not found
  (compiling source file 'commands.cpp')
  
E:\Downloads\Plugins\common\Settings.h(174,18): error C3083: 'filesystem': the symbol to the left of a '::' must be a type
  (compiling source file 'commands.cpp')
  
E:\Downloads\Plugins\common\Settings.h(174,30): error C2039: 'exists': is not a member of 'std'
  (compiling source file 'commands.cpp')
      C:\Program Files\Microsoft Visual Studio\18\Community\VC\Tools\MSVC\14.50.35717\include\fstream(20,1):
      see declaration of 'std'
  
E:\Downloads\Plugins\common\Settings.h(174,30): error C3861: 'exists': identifier not found
  (compiling source file 'commands.cpp')
  
E:\Downloads\Plugins\common\Settings.h(183,18): error C3083: 'filesystem': the symbol to the left of a '::' must be a type
  (compiling source file 'commands.cpp')
  
E:\Downloads\Plugins\common\Settings.h(183,30): error C2039: 'exists': is not a member of 'std'
  (compiling source file 'commands.cpp')
      C:\Program Files\Microsoft Visual Studio\18\Community\VC\Tools\MSVC\14.50.35717\include\fstream(20,1):
      see declaration of 'std'
  
E:\Downloads\Plugins\common\Settings.h(183,30): error C3861: 'exists': identifier not found
  (compiling source file 'commands.cpp')
  
E:\Downloads\Plugins\common\Settings.h(187,18): error C3083: 'filesystem': the symbol to the left of a '::' must be a type
  (compiling source file 'commands.cpp')
  
E:\Downloads\Plugins\common\Settings.h(187,30): error C2039: 'exists': is not a member of 'std'
  (compiling source file 'commands.cpp')
      C:\Program Files\Microsoft Visual Studio\18\Community\VC\Tools\MSVC\14.50.35717\include\fstream(20,1):
      see declaration of 'std'
  
E:\Downloads\Plugins\common\Settings.h(187,30): error C3861: 'exists': identifier not found
  (compiling source file 'commands.cpp')
  
E:\Downloads\Plugins\common\Settings.h(191,18): error C3083: 'filesystem': the symbol to the left of a '::' must be a type
  (compiling source file 'commands.cpp')
  
E:\Downloads\Plugins\common\Settings.h(191,30): error C2039: 'exists': is not a member of 'std'
  (compiling source file 'commands.cpp')
      C:\Program Files\Microsoft Visual Studio\18\Community\VC\Tools\MSVC\14.50.35717\include\fstream(20,1):
      see declaration of 'std'
  
E:\Downloads\Plugins\common\Settings.h(191,30): error C3861: 'exists': identifier not found
  (compiling source file 'commands.cpp')
  
E:\Downloads\Plugins\common\Settings.h(195,18): error C3083: 'filesystem': the symbol to the left of a '::' must be a type
  (compiling source file 'commands.cpp')
  
E:\Downloads\Plugins\common\Settings.h(195,30): error C2039: 'exists': is not a member of 'std'
  (compiling source file 'commands.cpp')
      C:\Program Files\Microsoft Visual Studio\18\Community\VC\Tools\MSVC\14.50.35717\include\fstream(20,1):
      see declaration of 'std'
  
E:\Downloads\Plugins\common\Settings.h(195,30): error C3861: 'exists': identifier not found
  (compiling source file 'commands.cpp')
  
E:\Downloads\Plugins\common\Settings.h(199,18): error C3083: 'filesystem': the symbol to the left of a '::' must be a type
  (compiling source file 'commands.cpp')
  
E:\Downloads\Plugins\common\Settings.h(199,30): error C2039: 'exists': is not a member of 'std'
  (compiling source file 'commands.cpp')
      C:\Program Files\Microsoft Visual Studio\18\Community\VC\Tools\MSVC\14.50.35717\include\fstream(20,1):
      see declaration of 'std'
  
E:\Downloads\Plugins\common\Settings.h(199,30): error C3861: 'exists': identifier not found
  (compiling source file 'commands.cpp')
  
E:\Downloads\Plugins\common\Settings.h(203,18): error C3083: 'filesystem': the symbol to the left of a '::' must be a type
  (compiling source file 'commands.cpp')
  
E:\Downloads\Plugins\common\Settings.h(203,30): error C2039: 'exists': is not a member of 'std'
  (compiling source file 'commands.cpp')
      C:\Program Files\Microsoft Visual Studio\18\Community\VC\Tools\MSVC\14.50.35717\include\fstream(20,1):
      see declaration of 'std'
  
E:\Downloads\Plugins\common\Settings.h(203,30): error C3861: 'exists': identifier not found
  (compiling source file 'commands.cpp')
  
E:\Downloads\Plugins\common\Settings.h(207,18): error C3083: 'filesystem': the symbol to the left of a '::' must be a type
  (compiling source file 'commands.cpp')
  
E:\Downloads\Plugins\common\Settings.h(207,30): error C2039: 'exists': is not a member of 'std'
  (compiling source file 'commands.cpp')
      C:\Program Files\Microsoft Visual Studio\18\Community\VC\Tools\MSVC\14.50.35717\include\fstream(20,1):
      see declaration of 'std'
  
E:\Downloads\Plugins\common\Settings.h(207,30): error C3861: 'exists': identifier not found
  (compiling source file 'commands.cpp')
  
E:\Downloads\Plugins\common\Settings.h(211,18): error C3083: 'filesystem': the symbol to the left of a '::' must be a type
  (compiling source file 'commands.cpp')
  
E:\Downloads\Plugins\common\Settings.h(211,30): error C2039: 'exists': is not a member of 'std'
  (compiling source file 'commands.cpp')
      C:\Program Files\Microsoft Visual Studio\18\Community\VC\Tools\MSVC\14.50.35717\include\fstream(20,1):
      see declaration of 'std'
  
E:\Downloads\Plugins\common\Settings.h(211,30): error C3861: 'exists': identifier not found
  (compiling source file 'commands.cpp')
  
E:\Downloads\Plugins\common\Settings.h(235,20): warning C4244: 'initializing': conversion from 'std::streamoff' to 'long', possible loss of data
  (compiling source file 'commands.cpp')
  
E:\Downloads\Plugins\common\Settings.h(258,20): warning C4244: 'initializing': conversion from 'std::streamoff' to 'long', possible loss of data
  (compiling source file 'commands.cpp')
  
E:\Downloads\Plugins\common\Settings.h(309,20): warning C4244: 'initializing': conversion from 'std::streamoff' to 'long', possible loss of data
  (compiling source file 'commands.cpp')
  
  fileio.cpp
E:\Downloads\Plugins\sdk\Chat.h(36,11): error C2429: language feature 'nested-namespace-definition' requires compiler flag '/std:c++17'
  (compiling source file 'fileio.cpp')
  
E:\Downloads\Plugins\sdk\Commands.h(43,11): error C2429: language feature 'nested-namespace-definition' requires compiler flag '/std:c++17'
  (compiling source file 'fileio.cpp')
  
E:\Downloads\Plugins\sdk\Commands.h(57,21): error C3083: 'ranges': the symbol to the left of a '::' must be a type
  (compiling source file 'fileio.cpp')
  
E:\Downloads\Plugins\sdk\Commands.h(57,29): error C2672: 'std::any_of': no matching overloaded function found
  (compiling source file 'fileio.cpp')
      C:\Program Files\Microsoft Visual Studio\18\Community\VC\Tools\MSVC\14.50.35717\include\algorithm(1530,30):
      could be 'bool std::any_of(const _InIt,const _InIt,_Pr)'
          E:\Downloads\Plugins\sdk\Commands.h(57,29):
          'bool std::any_of(const _InIt,const _InIt,_Pr)': expects 3 arguments - 2 provided
  
E:\Downloads\Plugins\sdk\Commands.h(156,26): warning C4267: 'return': conversion from 'size_t' to 'uint32_t', possible loss of data
  (compiling source file 'fileio.cpp')
  
E:\Downloads\Plugins\sdk\ErrorHandling.h(51,11): error C2429: language feature 'nested-namespace-definition' requires compiler flag '/std:c++17'
  (compiling source file 'fileio.cpp')
  
E:\Downloads\Plugins\sdk\ErrorHandling.h(156,34): warning C4535: calling _set_se_translator() requires /EHa
  (compiling source file 'fileio.cpp')
  
E:\Downloads\Plugins\sdk\Memory.h(110,1): error C2429: language feature 'init-statements in if/switch' requires compiler flag '/std:c++17'
  (compiling source file 'fileio.cpp')
  
E:\Downloads\Plugins\sdk\Threading.h(37,11): error C2429: language feature 'nested-namespace-definition' requires compiler flag '/std:c++17'
  (compiling source file 'fileio.cpp')
  
E:\Downloads\Plugins\sdk\Threading.h(356,1): error C2429: language feature 'init-statements in if/switch' requires compiler flag '/std:c++17'
  (compiling source file 'fileio.cpp')
  
E:\Downloads\Plugins\sdk\ffxi\autofollow.h(34,11): error C2429: language feature 'nested-namespace-definition' requires compiler flag '/std:c++17'
  (compiling source file 'fileio.cpp')
  
E:\Downloads\Plugins\sdk\ffxi\castbar.h(34,11): error C2429: language feature 'nested-namespace-definition' requires compiler flag '/std:c++17'
  (compiling source file 'fileio.cpp')
  
E:\Downloads\Plugins\sdk\ffxi\config.h(42,11): error C2429: language feature 'nested-namespace-definition' requires compiler flag '/std:c++17'
  (compiling source file 'fileio.cpp')
  
E:\Downloads\Plugins\sdk\ffxi\entity.h(34,11): error C2429: language feature 'nested-namespace-definition' requires compiler flag '/std:c++17'
  (compiling source file 'fileio.cpp')
  
E:\Downloads\Plugins\sdk\ffxi\enums.h(33,11): error C2429: language feature 'nested-namespace-definition' requires compiler flag '/std:c++17'
  (compiling source file 'fileio.cpp')
  
E:\Downloads\Plugins\sdk\ffxi\inventory.h(35,11): error C2429: language feature 'nested-namespace-definition' requires compiler flag '/std:c++17'
  (compiling source file 'fileio.cpp')
  
E:\Downloads\Plugins\sdk\ffxi\party.h(34,11): error C2429: language feature 'nested-namespace-definition' requires compiler flag '/std:c++17'
  (compiling source file 'fileio.cpp')
  
E:\Downloads\Plugins\sdk\ffxi\player.h(34,11): error C2429: language feature 'nested-namespace-definition' requires compiler flag '/std:c++17'
  (compiling source file 'fileio.cpp')
  
E:\Downloads\Plugins\sdk\ffxi\target.h(34,11): error C2429: language feature 'nested-namespace-definition' requires compiler flag '/std:c++17'
  (compiling source file 'fileio.cpp')
  
E:\Downloads\Plugins\common\Output.h(33,24): warning C4267: 'initializing': conversion from 'size_t' to 'int', possible loss of data
  (compiling source file 'fileio.cpp')
  
E:\Downloads\Plugins\common\Output.h(37,35): warning C4267: '=': conversion from 'size_t' to 'int', possible loss of data
  (compiling source file 'fileio.cpp')
  
E:\Downloads\Plugins\common\Output.h(40,27): warning C4267: '=': conversion from 'size_t' to 'int', possible loss of data
  (compiling source file 'fileio.cpp')
  
E:\Downloads\Plugins\common\Output.h(44,35): warning C4267: '=': conversion from 'size_t' to 'int', possible loss of data
  (compiling source file 'fileio.cpp')
  
E:\Downloads\Plugins\common\Output.h(76,24): warning C4267: 'initializing': conversion from 'size_t' to 'int', possible loss of data
  (compiling source file 'fileio.cpp')
  
E:\Downloads\Plugins\common\Output.h(80,35): warning C4267: '=': conversion from 'size_t' to 'int', possible loss of data
  (compiling source file 'fileio.cpp')
  
E:\Downloads\Plugins\common\Output.h(83,27): warning C4267: '=': conversion from 'size_t' to 'int', possible loss of data
  (compiling source file 'fileio.cpp')
  
E:\Downloads\Plugins\common\Output.h(87,35): warning C4267: '=': conversion from 'size_t' to 'int', possible loss of data
  (compiling source file 'fileio.cpp')
  
E:\Downloads\Plugins\common\Output.h(110,24): warning C4267: 'initializing': conversion from 'size_t' to 'int', possible loss of data
  (compiling source file 'fileio.cpp')
  
E:\Downloads\Plugins\common\Output.h(114,35): warning C4267: '=': conversion from 'size_t' to 'int', possible loss of data
  (compiling source file 'fileio.cpp')
  
E:\Downloads\Plugins\common\Output.h(117,27): warning C4267: '=': conversion from 'size_t' to 'int', possible loss of data
  (compiling source file 'fileio.cpp')
  
E:\Downloads\Plugins\common\Output.h(121,35): warning C4267: '=': conversion from 'size_t' to 'int', possible loss of data
  (compiling source file 'fileio.cpp')
  
C:\Program Files\Microsoft Visual Studio\18\Community\VC\Tools\MSVC\14.50.35717\include\filesystem(12): warning STL4038: The contents of <filesystem> are available only with C++17 or later.
E:\Downloads\Plugins\common\Settings.h(83,24): error C3083: 'filesystem': the symbol to the left of a '::' must be a type
  (compiling source file 'fileio.cpp')
  
E:\Downloads\Plugins\common\Settings.h(83,36): error C2039: 'exists': is not a member of 'std'
  (compiling source file 'fileio.cpp')
      C:\Program Files\Microsoft Visual Studio\18\Community\VC\Tools\MSVC\14.50.35717\include\fstream(20,1):
      see declaration of 'std'
  
E:\Downloads\Plugins\common\Settings.h(83,36): error C2064: term does not evaluate to a function taking 1 arguments
  (compiling source file 'fileio.cpp')
  
E:\Downloads\Plugins\common\Settings.h(91,18): error C3083: 'filesystem': the symbol to the left of a '::' must be a type
  (compiling source file 'fileio.cpp')
  
E:\Downloads\Plugins\common\Settings.h(91,30): error C2039: 'exists': is not a member of 'std'
  (compiling source file 'fileio.cpp')
      C:\Program Files\Microsoft Visual Studio\18\Community\VC\Tools\MSVC\14.50.35717\include\fstream(20,1):
      see declaration of 'std'
  
E:\Downloads\Plugins\common\Settings.h(91,30): error C3861: 'exists': identifier not found
  (compiling source file 'fileio.cpp')
  
E:\Downloads\Plugins\common\Settings.h(95,18): error C3083: 'filesystem': the symbol to the left of a '::' must be a type
  (compiling source file 'fileio.cpp')
  
E:\Downloads\Plugins\common\Settings.h(95,30): error C2039: 'exists': is not a member of 'std'
  (compiling source file 'fileio.cpp')
      C:\Program Files\Microsoft Visual Studio\18\Community\VC\Tools\MSVC\14.50.35717\include\fstream(20,1):
      see declaration of 'std'
  
E:\Downloads\Plugins\common\Settings.h(95,30): error C3861: 'exists': identifier not found
  (compiling source file 'fileio.cpp')
  
E:\Downloads\Plugins\common\Settings.h(105,18): error C3083: 'filesystem': the symbol to the left of a '::' must be a type
  (compiling source file 'fileio.cpp')
  
E:\Downloads\Plugins\common\Settings.h(105,30): error C2039: 'exists': is not a member of 'std'
  (compiling source file 'fileio.cpp')
      C:\Program Files\Microsoft Visual Studio\18\Community\VC\Tools\MSVC\14.50.35717\include\fstream(20,1):
      see declaration of 'std'
  
E:\Downloads\Plugins\common\Settings.h(105,30): error C3861: 'exists': identifier not found
  (compiling source file 'fileio.cpp')
  
E:\Downloads\Plugins\common\Settings.h(109,18): error C3083: 'filesystem': the symbol to the left of a '::' must be a type
  (compiling source file 'fileio.cpp')
  
E:\Downloads\Plugins\common\Settings.h(109,30): error C2039: 'exists': is not a member of 'std'
  (compiling source file 'fileio.cpp')
      C:\Program Files\Microsoft Visual Studio\18\Community\VC\Tools\MSVC\14.50.35717\include\fstream(20,1):
      see declaration of 'std'
  
E:\Downloads\Plugins\common\Settings.h(109,30): error C3861: 'exists': identifier not found
  (compiling source file 'fileio.cpp')
  
E:\Downloads\Plugins\common\Settings.h(113,18): error C3083: 'filesystem': the symbol to the left of a '::' must be a type
  (compiling source file 'fileio.cpp')
  
E:\Downloads\Plugins\common\Settings.h(113,30): error C2039: 'exists': is not a member of 'std'
  (compiling source file 'fileio.cpp')
      C:\Program Files\Microsoft Visual Studio\18\Community\VC\Tools\MSVC\14.50.35717\include\fstream(20,1):
      see declaration of 'std'
  
E:\Downloads\Plugins\common\Settings.h(113,30): error C3861: 'exists': identifier not found
  (compiling source file 'fileio.cpp')
  
E:\Downloads\Plugins\common\Settings.h(117,18): error C3083: 'filesystem': the symbol to the left of a '::' must be a type
  (compiling source file 'fileio.cpp')
  
E:\Downloads\Plugins\common\Settings.h(117,30): error C2039: 'exists': is not a member of 'std'
  (compiling source file 'fileio.cpp')
      C:\Program Files\Microsoft Visual Studio\18\Community\VC\Tools\MSVC\14.50.35717\include\fstream(20,1):
      see declaration of 'std'
  
E:\Downloads\Plugins\common\Settings.h(117,30): error C3861: 'exists': identifier not found
  (compiling source file 'fileio.cpp')
  
E:\Downloads\Plugins\common\Settings.h(126,18): error C3083: 'filesystem': the symbol to the left of a '::' must be a type
  (compiling source file 'fileio.cpp')
  
E:\Downloads\Plugins\common\Settings.h(126,30): error C2039: 'exists': is not a member of 'std'
  (compiling source file 'fileio.cpp')
      C:\Program Files\Microsoft Visual Studio\18\Community\VC\Tools\MSVC\14.50.35717\include\fstream(20,1):
      see declaration of 'std'
  
E:\Downloads\Plugins\common\Settings.h(126,30): error C3861: 'exists': identifier not found
  (compiling source file 'fileio.cpp')
  
E:\Downloads\Plugins\common\Settings.h(130,18): error C3083: 'filesystem': the symbol to the left of a '::' must be a type
  (compiling source file 'fileio.cpp')
  
E:\Downloads\Plugins\common\Settings.h(130,30): error C2039: 'exists': is not a member of 'std'
  (compiling source file 'fileio.cpp')
      C:\Program Files\Microsoft Visual Studio\18\Community\VC\Tools\MSVC\14.50.35717\include\fstream(20,1):
      see declaration of 'std'
  
E:\Downloads\Plugins\common\Settings.h(130,30): error C3861: 'exists': identifier not found
  (compiling source file 'fileio.cpp')
  
E:\Downloads\Plugins\common\Settings.h(134,18): error C3083: 'filesystem': the symbol to the left of a '::' must be a type
  (compiling source file 'fileio.cpp')
  
E:\Downloads\Plugins\common\Settings.h(134,30): error C2039: 'exists': is not a member of 'std'
  (compiling source file 'fileio.cpp')
      C:\Program Files\Microsoft Visual Studio\18\Community\VC\Tools\MSVC\14.50.35717\include\fstream(20,1):
      see declaration of 'std'
  
E:\Downloads\Plugins\common\Settings.h(134,30): error C3861: 'exists': identifier not found
  (compiling source file 'fileio.cpp')
  
E:\Downloads\Plugins\common\Settings.h(138,18): error C3083: 'filesystem': the symbol to the left of a '::' must be a type
  (compiling source file 'fileio.cpp')
  
E:\Downloads\Plugins\common\Settings.h(138,30): error C2039: 'exists': is not a member of 'std'
  (compiling source file 'fileio.cpp')
      C:\Program Files\Microsoft Visual Studio\18\Community\VC\Tools\MSVC\14.50.35717\include\fstream(20,1):
      see declaration of 'std'
  
E:\Downloads\Plugins\common\Settings.h(138,30): error C3861: 'exists': identifier not found
  (compiling source file 'fileio.cpp')
  
E:\Downloads\Plugins\common\Settings.h(141,18): error C3083: 'filesystem': the symbol to the left of a '::' must be a type
  (compiling source file 'fileio.cpp')
  
E:\Downloads\Plugins\common\Settings.h(141,30): error C2039: 'exists': is not a member of 'std'
  (compiling source file 'fileio.cpp')
      C:\Program Files\Microsoft Visual Studio\18\Community\VC\Tools\MSVC\14.50.35717\include\fstream(20,1):
      see declaration of 'std'
  
E:\Downloads\Plugins\common\Settings.h(141,30): error C3861: 'exists': identifier not found
  (compiling source file 'fileio.cpp')
  
E:\Downloads\Plugins\common\Settings.h(145,18): error C3083: 'filesystem': the symbol to the left of a '::' must be a type
  (compiling source file 'fileio.cpp')
  
E:\Downloads\Plugins\common\Settings.h(145,30): error C2039: 'exists': is not a member of 'std'
  (compiling source file 'fileio.cpp')
      C:\Program Files\Microsoft Visual Studio\18\Community\VC\Tools\MSVC\14.50.35717\include\fstream(20,1):
      see declaration of 'std'
  
E:\Downloads\Plugins\common\Settings.h(145,30): error C3861: 'exists': identifier not found
  (compiling source file 'fileio.cpp')
  
E:\Downloads\Plugins\common\Settings.h(154,18): error C3083: 'filesystem': the symbol to the left of a '::' must be a type
  (compiling source file 'fileio.cpp')
  
E:\Downloads\Plugins\common\Settings.h(154,30): error C2039: 'exists': is not a member of 'std'
  (compiling source file 'fileio.cpp')
      C:\Program Files\Microsoft Visual Studio\18\Community\VC\Tools\MSVC\14.50.35717\include\fstream(20,1):
      see declaration of 'std'
  
E:\Downloads\Plugins\common\Settings.h(154,30): error C3861: 'exists': identifier not found
  (compiling source file 'fileio.cpp')
  
E:\Downloads\Plugins\common\Settings.h(158,18): error C3083: 'filesystem': the symbol to the left of a '::' must be a type
  (compiling source file 'fileio.cpp')
  
E:\Downloads\Plugins\common\Settings.h(158,30): error C2039: 'exists': is not a member of 'std'
  (compiling source file 'fileio.cpp')
      C:\Program Files\Microsoft Visual Studio\18\Community\VC\Tools\MSVC\14.50.35717\include\fstream(20,1):
      see declaration of 'std'
  
E:\Downloads\Plugins\common\Settings.h(158,30): error C3861: 'exists': identifier not found
  (compiling source file 'fileio.cpp')
  
E:\Downloads\Plugins\common\Settings.h(162,18): error C3083: 'filesystem': the symbol to the left of a '::' must be a type
  (compiling source file 'fileio.cpp')
  
E:\Downloads\Plugins\common\Settings.h(162,30): error C2039: 'exists': is not a member of 'std'
  (compiling source file 'fileio.cpp')
      C:\Program Files\Microsoft Visual Studio\18\Community\VC\Tools\MSVC\14.50.35717\include\fstream(20,1):
      see declaration of 'std'
  
E:\Downloads\Plugins\common\Settings.h(162,30): error C3861: 'exists': identifier not found
  (compiling source file 'fileio.cpp')
  
E:\Downloads\Plugins\common\Settings.h(166,18): error C3083: 'filesystem': the symbol to the left of a '::' must be a type
  (compiling source file 'fileio.cpp')
  
E:\Downloads\Plugins\common\Settings.h(166,30): error C2039: 'exists': is not a member of 'std'
  (compiling source file 'fileio.cpp')
      C:\Program Files\Microsoft Visual Studio\18\Community\VC\Tools\MSVC\14.50.35717\include\fstream(20,1):
      see declaration of 'std'
  
E:\Downloads\Plugins\common\Settings.h(166,30): error C3861: 'exists': identifier not found
  (compiling source file 'fileio.cpp')
  
E:\Downloads\Plugins\common\Settings.h(170,18): error C3083: 'filesystem': the symbol to the left of a '::' must be a type
  (compiling source file 'fileio.cpp')
  
E:\Downloads\Plugins\common\Settings.h(170,30): error C2039: 'exists': is not a member of 'std'
  (compiling source file 'fileio.cpp')
      C:\Program Files\Microsoft Visual Studio\18\Community\VC\Tools\MSVC\14.50.35717\include\fstream(20,1):
      see declaration of 'std'
  
E:\Downloads\Plugins\common\Settings.h(170,30): error C3861: 'exists': identifier not found
  (compiling source file 'fileio.cpp')
  
E:\Downloads\Plugins\common\Settings.h(174,18): error C3083: 'filesystem': the symbol to the left of a '::' must be a type
  (compiling source file 'fileio.cpp')
  
E:\Downloads\Plugins\common\Settings.h(174,30): error C2039: 'exists': is not a member of 'std'
  (compiling source file 'fileio.cpp')
      C:\Program Files\Microsoft Visual Studio\18\Community\VC\Tools\MSVC\14.50.35717\include\fstream(20,1):
      see declaration of 'std'
  
E:\Downloads\Plugins\common\Settings.h(174,30): error C3861: 'exists': identifier not found
  (compiling source file 'fileio.cpp')
  
E:\Downloads\Plugins\common\Settings.h(183,18): error C3083: 'filesystem': the symbol to the left of a '::' must be a type
  (compiling source file 'fileio.cpp')
  
E:\Downloads\Plugins\common\Settings.h(183,30): error C2039: 'exists': is not a member of 'std'
  (compiling source file 'fileio.cpp')
      C:\Program Files\Microsoft Visual Studio\18\Community\VC\Tools\MSVC\14.50.35717\include\fstream(20,1):
      see declaration of 'std'
  
E:\Downloads\Plugins\common\Settings.h(183,30): error C3861: 'exists': identifier not found
  (compiling source file 'fileio.cpp')
  
E:\Downloads\Plugins\common\Settings.h(187,18): error C3083: 'filesystem': the symbol to the left of a '::' must be a type
  (compiling source file 'fileio.cpp')
  
E:\Downloads\Plugins\common\Settings.h(187,30): error C2039: 'exists': is not a member of 'std'
  (compiling source file 'fileio.cpp')
      C:\Program Files\Microsoft Visual Studio\18\Community\VC\Tools\MSVC\14.50.35717\include\fstream(20,1):
      see declaration of 'std'
  
E:\Downloads\Plugins\common\Settings.h(187,30): error C3861: 'exists': identifier not found
  (compiling source file 'fileio.cpp')
  
E:\Downloads\Plugins\common\Settings.h(191,18): error C3083: 'filesystem': the symbol to the left of a '::' must be a type
  (compiling source file 'fileio.cpp')
  
E:\Downloads\Plugins\common\Settings.h(191,30): error C2039: 'exists': is not a member of 'std'
  (compiling source file 'fileio.cpp')
      C:\Program Files\Microsoft Visual Studio\18\Community\VC\Tools\MSVC\14.50.35717\include\fstream(20,1):
      see declaration of 'std'
  
E:\Downloads\Plugins\common\Settings.h(191,30): error C3861: 'exists': identifier not found
  (compiling source file 'fileio.cpp')
  
E:\Downloads\Plugins\common\Settings.h(195,18): error C3083: 'filesystem': the symbol to the left of a '::' must be a type
  (compiling source file 'fileio.cpp')
  
E:\Downloads\Plugins\common\Settings.h(195,30): error C2039: 'exists': is not a member of 'std'
  (compiling source file 'fileio.cpp')
      C:\Program Files\Microsoft Visual Studio\18\Community\VC\Tools\MSVC\14.50.35717\include\fstream(20,1):
      see declaration of 'std'
  
E:\Downloads\Plugins\common\Settings.h(195,30): error C3861: 'exists': identifier not found
  (compiling source file 'fileio.cpp')
  
E:\Downloads\Plugins\common\Settings.h(199,18): error C3083: 'filesystem': the symbol to the left of a '::' must be a type
  (compiling source file 'fileio.cpp')
  
E:\Downloads\Plugins\common\Settings.h(199,30): error C2039: 'exists': is not a member of 'std'
  (compiling source file 'fileio.cpp')
      C:\Program Files\Microsoft Visual Studio\18\Community\VC\Tools\MSVC\14.50.35717\include\fstream(20,1):
      see declaration of 'std'
  
E:\Downloads\Plugins\common\Settings.h(199,30): error C3861: 'exists': identifier not found
  (compiling source file 'fileio.cpp')
  
E:\Downloads\Plugins\common\Settings.h(203,18): error C3083: 'filesystem': the symbol to the left of a '::' must be a type
  (compiling source file 'fileio.cpp')
  
E:\Downloads\Plugins\common\Settings.h(203,30): error C2039: 'exists': is not a member of 'std'
  (compiling source file 'fileio.cpp')
      C:\Program Files\Microsoft Visual Studio\18\Community\VC\Tools\MSVC\14.50.35717\include\fstream(20,1):
      see declaration of 'std'
  
E:\Downloads\Plugins\common\Settings.h(203,30): error C3861: 'exists': identifier not found
  (compiling source file 'fileio.cpp')
  
E:\Downloads\Plugins\common\Settings.h(207,18): error C3083: 'filesystem': the symbol to the left of a '::' must be a type
  (compiling source file 'fileio.cpp')
  
E:\Downloads\Plugins\common\Settings.h(207,30): error C2039: 'exists': is not a member of 'std'
  (compiling source file 'fileio.cpp')
      C:\Program Files\Microsoft Visual Studio\18\Community\VC\Tools\MSVC\14.50.35717\include\fstream(20,1):
      see declaration of 'std'
  
E:\Downloads\Plugins\common\Settings.h(207,30): error C3861: 'exists': identifier not found
  (compiling source file 'fileio.cpp')
  
E:\Downloads\Plugins\common\Settings.h(211,18): error C3083: 'filesystem': the symbol to the left of a '::' must be a type
  (compiling source file 'fileio.cpp')
  
E:\Downloads\Plugins\common\Settings.h(211,30): error C2039: 'exists': is not a member of 'std'
  (compiling source file 'fileio.cpp')
      C:\Program Files\Microsoft Visual Studio\18\Community\VC\Tools\MSVC\14.50.35717\include\fstream(20,1):
      see declaration of 'std'
  
E:\Downloads\Plugins\common\Settings.h(211,30): error C3861: 'exists': identifier not found
  (compiling source file 'fileio.cpp')
  
E:\Downloads\Plugins\common\Settings.h(235,20): warning C4244: 'initializing': conversion from 'std::streamoff' to 'long', possible loss of data
  (compiling source file 'fileio.cpp')
  
E:\Downloads\Plugins\common\Settings.h(258,20): warning C4244: 'initializing': conversion from 'std::streamoff' to 'long', possible loss of data
  (compiling source file 'fileio.cpp')
  
E:\Downloads\Plugins\common\Settings.h(309,20): warning C4244: 'initializing': conversion from 'std::streamoff' to 'long', possible loss of data
  (compiling source file 'fileio.cpp')
  
E:\Downloads\Plugins\Lootwhore\fileio.cpp(186,15): error C3083: 'filesystem': the symbol to the left of a '::' must be a type
E:\Downloads\Plugins\Lootwhore\fileio.cpp(186,27): error C2039: 'exists': is not a member of 'std'
      C:\Program Files\Microsoft Visual Studio\18\Community\VC\Tools\MSVC\14.50.35717\include\random(47,1):
      see declaration of 'std'
  
E:\Downloads\Plugins\Lootwhore\fileio.cpp(186,27): error C3861: 'exists': identifier not found
E:\Downloads\Plugins\Lootwhore\fileio.cpp(186,27): error C1003: error count exceeds 100; stopping compilation
  helpers.cpp
E:\Downloads\Plugins\sdk\Chat.h(36,11): error C2429: language feature 'nested-namespace-definition' requires compiler flag '/std:c++17'
  (compiling source file 'helpers.cpp')
  
E:\Downloads\Plugins\sdk\Commands.h(43,11): error C2429: language feature 'nested-namespace-definition' requires compiler flag '/std:c++17'
  (compiling source file 'helpers.cpp')
  
E:\Downloads\Plugins\sdk\Commands.h(57,21): error C3083: 'ranges': the symbol to the left of a '::' must be a type
  (compiling source file 'helpers.cpp')
  
E:\Downloads\Plugins\sdk\Commands.h(57,29): error C2672: 'std::any_of': no matching overloaded function found
  (compiling source file 'helpers.cpp')
      C:\Program Files\Microsoft Visual Studio\18\Community\VC\Tools\MSVC\14.50.35717\include\algorithm(1530,30):
      could be 'bool std::any_of(const _InIt,const _InIt,_Pr)'
          E:\Downloads\Plugins\sdk\Commands.h(57,29):
          'bool std::any_of(const _InIt,const _InIt,_Pr)': expects 3 arguments - 2 provided
  
E:\Downloads\Plugins\sdk\Commands.h(156,26): warning C4267: 'return': conversion from 'size_t' to 'uint32_t', possible loss of data
  (compiling source file 'helpers.cpp')
  
E:\Downloads\Plugins\sdk\ErrorHandling.h(51,11): error C2429: language feature 'nested-namespace-definition' requires compiler flag '/std:c++17'
  (compiling source file 'helpers.cpp')
  
E:\Downloads\Plugins\sdk\ErrorHandling.h(156,34): warning C4535: calling _set_se_translator() requires /EHa
  (compiling source file 'helpers.cpp')
  
E:\Downloads\Plugins\sdk\Memory.h(110,1): error C2429: language feature 'init-statements in if/switch' requires compiler flag '/std:c++17'
  (compiling source file 'helpers.cpp')
  
E:\Downloads\Plugins\sdk\Threading.h(37,11): error C2429: language feature 'nested-namespace-definition' requires compiler flag '/std:c++17'
  (compiling source file 'helpers.cpp')
  
E:\Downloads\Plugins\sdk\Threading.h(356,1): error C2429: language feature 'init-statements in if/switch' requires compiler flag '/std:c++17'
  (compiling source file 'helpers.cpp')
  
E:\Downloads\Plugins\sdk\ffxi\autofollow.h(34,11): error C2429: language feature 'nested-namespace-definition' requires compiler flag '/std:c++17'
  (compiling source file 'helpers.cpp')
  
E:\Downloads\Plugins\sdk\ffxi\castbar.h(34,11): error C2429: language feature 'nested-namespace-definition' requires compiler flag '/std:c++17'
  (compiling source file 'helpers.cpp')
  
E:\Downloads\Plugins\sdk\ffxi\config.h(42,11): error C2429: language feature 'nested-namespace-definition' requires compiler flag '/std:c++17'
  (compiling source file 'helpers.cpp')
  
E:\Downloads\Plugins\sdk\ffxi\entity.h(34,11): error C2429: language feature 'nested-namespace-definition' requires compiler flag '/std:c++17'
  (compiling source file 'helpers.cpp')
  
E:\Downloads\Plugins\sdk\ffxi\enums.h(33,11): error C2429: language feature 'nested-namespace-definition' requires compiler flag '/std:c++17'
  (compiling source file 'helpers.cpp')
  
E:\Downloads\Plugins\sdk\ffxi\inventory.h(35,11): error C2429: language feature 'nested-namespace-definition' requires compiler flag '/std:c++17'
  (compiling source file 'helpers.cpp')
  
E:\Downloads\Plugins\sdk\ffxi\party.h(34,11): error C2429: language feature 'nested-namespace-definition' requires compiler flag '/std:c++17'
  (compiling source file 'helpers.cpp')
  
E:\Downloads\Plugins\sdk\ffxi\player.h(34,11): error C2429: language feature 'nested-namespace-definition' requires compiler flag '/std:c++17'
  (compiling source file 'helpers.cpp')
  
E:\Downloads\Plugins\sdk\ffxi\target.h(34,11): error C2429: language feature 'nested-namespace-definition' requires compiler flag '/std:c++17'
  (compiling source file 'helpers.cpp')
  
E:\Downloads\Plugins\common\Output.h(33,24): warning C4267: 'initializing': conversion from 'size_t' to 'int', possible loss of data
  (compiling source file 'helpers.cpp')
  
E:\Downloads\Plugins\common\Output.h(37,35): warning C4267: '=': conversion from 'size_t' to 'int', possible loss of data
  (compiling source file 'helpers.cpp')
  
E:\Downloads\Plugins\common\Output.h(40,27): warning C4267: '=': conversion from 'size_t' to 'int', possible loss of data
  (compiling source file 'helpers.cpp')
  
E:\Downloads\Plugins\common\Output.h(44,35): warning C4267: '=': conversion from 'size_t' to 'int', possible loss of data
  (compiling source file 'helpers.cpp')
  
E:\Downloads\Plugins\common\Output.h(76,24): warning C4267: 'initializing': conversion from 'size_t' to 'int', possible loss of data
  (compiling source file 'helpers.cpp')
  
E:\Downloads\Plugins\common\Output.h(80,35): warning C4267: '=': conversion from 'size_t' to 'int', possible loss of data
  (compiling source file 'helpers.cpp')
  
E:\Downloads\Plugins\common\Output.h(83,27): warning C4267: '=': conversion from 'size_t' to 'int', possible loss of data
  (compiling source file 'helpers.cpp')
  
E:\Downloads\Plugins\common\Output.h(87,35): warning C4267: '=': conversion from 'size_t' to 'int', possible loss of data
  (compiling source file 'helpers.cpp')
  
E:\Downloads\Plugins\common\Output.h(110,24): warning C4267: 'initializing': conversion from 'size_t' to 'int', possible loss of data
  (compiling source file 'helpers.cpp')
  
E:\Downloads\Plugins\common\Output.h(114,35): warning C4267: '=': conversion from 'size_t' to 'int', possible loss of data
  (compiling source file 'helpers.cpp')
  
E:\Downloads\Plugins\common\Output.h(117,27): warning C4267: '=': conversion from 'size_t' to 'int', possible loss of data
  (compiling source file 'helpers.cpp')
  
E:\Downloads\Plugins\common\Output.h(121,35): warning C4267: '=': conversion from 'size_t' to 'int', possible loss of data
  (compiling source file 'helpers.cpp')
  
C:\Program Files\Microsoft Visual Studio\18\Community\VC\Tools\MSVC\14.50.35717\include\filesystem(12): warning STL4038: The contents of <filesystem> are available only with C++17 or later.
E:\Downloads\Plugins\common\Settings.h(83,24): error C3083: 'filesystem': the symbol to the left of a '::' must be a type
  (compiling source file 'helpers.cpp')
  
E:\Downloads\Plugins\common\Settings.h(83,36): error C2039: 'exists': is not a member of 'std'
  (compiling source file 'helpers.cpp')
      C:\Program Files\Microsoft Visual Studio\18\Community\VC\Tools\MSVC\14.50.35717\include\fstream(20,1):
      see declaration of 'std'
  
E:\Downloads\Plugins\common\Settings.h(83,36): error C2064: term does not evaluate to a function taking 1 arguments
  (compiling source file 'helpers.cpp')
  
E:\Downloads\Plugins\common\Settings.h(91,18): error C3083: 'filesystem': the symbol to the left of a '::' must be a type
  (compiling source file 'helpers.cpp')
  
E:\Downloads\Plugins\common\Settings.h(91,30): error C2039: 'exists': is not a member of 'std'
  (compiling source file 'helpers.cpp')
      C:\Program Files\Microsoft Visual Studio\18\Community\VC\Tools\MSVC\14.50.35717\include\fstream(20,1):
      see declaration of 'std'
  
E:\Downloads\Plugins\common\Settings.h(91,30): error C3861: 'exists': identifier not found
  (compiling source file 'helpers.cpp')
  
E:\Downloads\Plugins\common\Settings.h(95,18): error C3083: 'filesystem': the symbol to the left of a '::' must be a type
  (compiling source file 'helpers.cpp')
  
E:\Downloads\Plugins\common\Settings.h(95,30): error C2039: 'exists': is not a member of 'std'
  (compiling source file 'helpers.cpp')
      C:\Program Files\Microsoft Visual Studio\18\Community\VC\Tools\MSVC\14.50.35717\include\fstream(20,1):
      see declaration of 'std'
  
E:\Downloads\Plugins\common\Settings.h(95,30): error C3861: 'exists': identifier not found
  (compiling source file 'helpers.cpp')
  
E:\Downloads\Plugins\common\Settings.h(105,18): error C3083: 'filesystem': the symbol to the left of a '::' must be a type
  (compiling source file 'helpers.cpp')
  
E:\Downloads\Plugins\common\Settings.h(105,30): error C2039: 'exists': is not a member of 'std'
  (compiling source file 'helpers.cpp')
      C:\Program Files\Microsoft Visual Studio\18\Community\VC\Tools\MSVC\14.50.35717\include\fstream(20,1):
      see declaration of 'std'
  
E:\Downloads\Plugins\common\Settings.h(105,30): error C3861: 'exists': identifier not found
  (compiling source file 'helpers.cpp')
  
E:\Downloads\Plugins\common\Settings.h(109,18): error C3083: 'filesystem': the symbol to the left of a '::' must be a type
  (compiling source file 'helpers.cpp')
  
E:\Downloads\Plugins\common\Settings.h(109,30): error C2039: 'exists': is not a member of 'std'
  (compiling source file 'helpers.cpp')
      C:\Program Files\Microsoft Visual Studio\18\Community\VC\Tools\MSVC\14.50.35717\include\fstream(20,1):
      see declaration of 'std'
  
E:\Downloads\Plugins\common\Settings.h(109,30): error C3861: 'exists': identifier not found
  (compiling source file 'helpers.cpp')
  
E:\Downloads\Plugins\common\Settings.h(113,18): error C3083: 'filesystem': the symbol to the left of a '::' must be a type
  (compiling source file 'helpers.cpp')
  
E:\Downloads\Plugins\common\Settings.h(113,30): error C2039: 'exists': is not a member of 'std'
  (compiling source file 'helpers.cpp')
      C:\Program Files\Microsoft Visual Studio\18\Community\VC\Tools\MSVC\14.50.35717\include\fstream(20,1):
      see declaration of 'std'
  
E:\Downloads\Plugins\common\Settings.h(113,30): error C3861: 'exists': identifier not found
  (compiling source file 'helpers.cpp')
  
E:\Downloads\Plugins\common\Settings.h(117,18): error C3083: 'filesystem': the symbol to the left of a '::' must be a type
  (compiling source file 'helpers.cpp')
  
E:\Downloads\Plugins\common\Settings.h(117,30): error C2039: 'exists': is not a member of 'std'
  (compiling source file 'helpers.cpp')
      C:\Program Files\Microsoft Visual Studio\18\Community\VC\Tools\MSVC\14.50.35717\include\fstream(20,1):
      see declaration of 'std'
  
E:\Downloads\Plugins\common\Settings.h(117,30): error C3861: 'exists': identifier not found
  (compiling source file 'helpers.cpp')
  
E:\Downloads\Plugins\common\Settings.h(126,18): error C3083: 'filesystem': the symbol to the left of a '::' must be a type
  (compiling source file 'helpers.cpp')
  
E:\Downloads\Plugins\common\Settings.h(126,30): error C2039: 'exists': is not a member of 'std'
  (compiling source file 'helpers.cpp')
      C:\Program Files\Microsoft Visual Studio\18\Community\VC\Tools\MSVC\14.50.35717\include\fstream(20,1):
      see declaration of 'std'
  
E:\Downloads\Plugins\common\Settings.h(126,30): error C3861: 'exists': identifier not found
  (compiling source file 'helpers.cpp')
  
E:\Downloads\Plugins\common\Settings.h(130,18): error C3083: 'filesystem': the symbol to the left of a '::' must be a type
  (compiling source file 'helpers.cpp')
  
E:\Downloads\Plugins\common\Settings.h(130,30): error C2039: 'exists': is not a member of 'std'
  (compiling source file 'helpers.cpp')
      C:\Program Files\Microsoft Visual Studio\18\Community\VC\Tools\MSVC\14.50.35717\include\fstream(20,1):
      see declaration of 'std'
  
E:\Downloads\Plugins\common\Settings.h(130,30): error C3861: 'exists': identifier not found
  (compiling source file 'helpers.cpp')
  
E:\Downloads\Plugins\common\Settings.h(134,18): error C3083: 'filesystem': the symbol to the left of a '::' must be a type
  (compiling source file 'helpers.cpp')
  
E:\Downloads\Plugins\common\Settings.h(134,30): error C2039: 'exists': is not a member of 'std'
  (compiling source file 'helpers.cpp')
      C:\Program Files\Microsoft Visual Studio\18\Community\VC\Tools\MSVC\14.50.35717\include\fstream(20,1):
      see declaration of 'std'
  
E:\Downloads\Plugins\common\Settings.h(134,30): error C3861: 'exists': identifier not found
  (compiling source file 'helpers.cpp')
  
E:\Downloads\Plugins\common\Settings.h(138,18): error C3083: 'filesystem': the symbol to the left of a '::' must be a type
  (compiling source file 'helpers.cpp')
  
E:\Downloads\Plugins\common\Settings.h(138,30): error C2039: 'exists': is not a member of 'std'
  (compiling source file 'helpers.cpp')
      C:\Program Files\Microsoft Visual Studio\18\Community\VC\Tools\MSVC\14.50.35717\include\fstream(20,1):
      see declaration of 'std'
  
E:\Downloads\Plugins\common\Settings.h(138,30): error C3861: 'exists': identifier not found
  (compiling source file 'helpers.cpp')
  
E:\Downloads\Plugins\common\Settings.h(141,18): error C3083: 'filesystem': the symbol to the left of a '::' must be a type
  (compiling source file 'helpers.cpp')
  
E:\Downloads\Plugins\common\Settings.h(141,30): error C2039: 'exists': is not a member of 'std'
  (compiling source file 'helpers.cpp')
      C:\Program Files\Microsoft Visual Studio\18\Community\VC\Tools\MSVC\14.50.35717\include\fstream(20,1):
      see declaration of 'std'
  
E:\Downloads\Plugins\common\Settings.h(141,30): error C3861: 'exists': identifier not found
  (compiling source file 'helpers.cpp')
  
E:\Downloads\Plugins\common\Settings.h(145,18): error C3083: 'filesystem': the symbol to the left of a '::' must be a type
  (compiling source file 'helpers.cpp')
  
E:\Downloads\Plugins\common\Settings.h(145,30): error C2039: 'exists': is not a member of 'std'
  (compiling source file 'helpers.cpp')
      C:\Program Files\Microsoft Visual Studio\18\Community\VC\Tools\MSVC\14.50.35717\include\fstream(20,1):
      see declaration of 'std'
  
E:\Downloads\Plugins\common\Settings.h(145,30): error C3861: 'exists': identifier not found
  (compiling source file 'helpers.cpp')
  
E:\Downloads\Plugins\common\Settings.h(154,18): error C3083: 'filesystem': the symbol to the left of a '::' must be a type
  (compiling source file 'helpers.cpp')
  
E:\Downloads\Plugins\common\Settings.h(154,30): error C2039: 'exists': is not a member of 'std'
  (compiling source file 'helpers.cpp')
      C:\Program Files\Microsoft Visual Studio\18\Community\VC\Tools\MSVC\14.50.35717\include\fstream(20,1):
      see declaration of 'std'
  
E:\Downloads\Plugins\common\Settings.h(154,30): error C3861: 'exists': identifier not found
  (compiling source file 'helpers.cpp')
  
E:\Downloads\Plugins\common\Settings.h(158,18): error C3083: 'filesystem': the symbol to the left of a '::' must be a type
  (compiling source file 'helpers.cpp')
  
E:\Downloads\Plugins\common\Settings.h(158,30): error C2039: 'exists': is not a member of 'std'
  (compiling source file 'helpers.cpp')
      C:\Program Files\Microsoft Visual Studio\18\Community\VC\Tools\MSVC\14.50.35717\include\fstream(20,1):
      see declaration of 'std'
  
E:\Downloads\Plugins\common\Settings.h(158,30): error C3861: 'exists': identifier not found
  (compiling source file 'helpers.cpp')
  
E:\Downloads\Plugins\common\Settings.h(162,18): error C3083: 'filesystem': the symbol to the left of a '::' must be a type
  (compiling source file 'helpers.cpp')
  
E:\Downloads\Plugins\common\Settings.h(162,30): error C2039: 'exists': is not a member of 'std'
  (compiling source file 'helpers.cpp')
      C:\Program Files\Microsoft Visual Studio\18\Community\VC\Tools\MSVC\14.50.35717\include\fstream(20,1):
      see declaration of 'std'
  
E:\Downloads\Plugins\common\Settings.h(162,30): error C3861: 'exists': identifier not found
  (compiling source file 'helpers.cpp')
  
E:\Downloads\Plugins\common\Settings.h(166,18): error C3083: 'filesystem': the symbol to the left of a '::' must be a type
  (compiling source file 'helpers.cpp')
  
E:\Downloads\Plugins\common\Settings.h(166,30): error C2039: 'exists': is not a member of 'std'
  (compiling source file 'helpers.cpp')
      C:\Program Files\Microsoft Visual Studio\18\Community\VC\Tools\MSVC\14.50.35717\include\fstream(20,1):
      see declaration of 'std'
  
E:\Downloads\Plugins\common\Settings.h(166,30): error C3861: 'exists': identifier not found
  (compiling source file 'helpers.cpp')
  
E:\Downloads\Plugins\common\Settings.h(170,18): error C3083: 'filesystem': the symbol to the left of a '::' must be a type
  (compiling source file 'helpers.cpp')
  
E:\Downloads\Plugins\common\Settings.h(170,30): error C2039: 'exists': is not a member of 'std'
  (compiling source file 'helpers.cpp')
      C:\Program Files\Microsoft Visual Studio\18\Community\VC\Tools\MSVC\14.50.35717\include\fstream(20,1):
      see declaration of 'std'
  
E:\Downloads\Plugins\common\Settings.h(170,30): error C3861: 'exists': identifier not found
  (compiling source file 'helpers.cpp')
  
E:\Downloads\Plugins\common\Settings.h(174,18): error C3083: 'filesystem': the symbol to the left of a '::' must be a type
  (compiling source file 'helpers.cpp')
  
E:\Downloads\Plugins\common\Settings.h(174,30): error C2039: 'exists': is not a member of 'std'
  (compiling source file 'helpers.cpp')
      C:\Program Files\Microsoft Visual Studio\18\Community\VC\Tools\MSVC\14.50.35717\include\fstream(20,1):
      see declaration of 'std'
  
E:\Downloads\Plugins\common\Settings.h(174,30): error C3861: 'exists': identifier not found
  (compiling source file 'helpers.cpp')
  
E:\Downloads\Plugins\common\Settings.h(183,18): error C3083: 'filesystem': the symbol to the left of a '::' must be a type
  (compiling source file 'helpers.cpp')
  
E:\Downloads\Plugins\common\Settings.h(183,30): error C2039: 'exists': is not a member of 'std'
  (compiling source file 'helpers.cpp')
      C:\Program Files\Microsoft Visual Studio\18\Community\VC\Tools\MSVC\14.50.35717\include\fstream(20,1):
      see declaration of 'std'
  
E:\Downloads\Plugins\common\Settings.h(183,30): error C3861: 'exists': identifier not found
  (compiling source file 'helpers.cpp')
  
E:\Downloads\Plugins\common\Settings.h(187,18): error C3083: 'filesystem': the symbol to the left of a '::' must be a type
  (compiling source file 'helpers.cpp')
  
E:\Downloads\Plugins\common\Settings.h(187,30): error C2039: 'exists': is not a member of 'std'
  (compiling source file 'helpers.cpp')
      C:\Program Files\Microsoft Visual Studio\18\Community\VC\Tools\MSVC\14.50.35717\include\fstream(20,1):
      see declaration of 'std'
  
E:\Downloads\Plugins\common\Settings.h(187,30): error C3861: 'exists': identifier not found
  (compiling source file 'helpers.cpp')
  
E:\Downloads\Plugins\common\Settings.h(191,18): error C3083: 'filesystem': the symbol to the left of a '::' must be a type
  (compiling source file 'helpers.cpp')
  
E:\Downloads\Plugins\common\Settings.h(191,30): error C2039: 'exists': is not a member of 'std'
  (compiling source file 'helpers.cpp')
      C:\Program Files\Microsoft Visual Studio\18\Community\VC\Tools\MSVC\14.50.35717\include\fstream(20,1):
      see declaration of 'std'
  
E:\Downloads\Plugins\common\Settings.h(191,30): error C3861: 'exists': identifier not found
  (compiling source file 'helpers.cpp')
  
E:\Downloads\Plugins\common\Settings.h(195,18): error C3083: 'filesystem': the symbol to the left of a '::' must be a type
  (compiling source file 'helpers.cpp')
  
E:\Downloads\Plugins\common\Settings.h(195,30): error C2039: 'exists': is not a member of 'std'
  (compiling source file 'helpers.cpp')
      C:\Program Files\Microsoft Visual Studio\18\Community\VC\Tools\MSVC\14.50.35717\include\fstream(20,1):
      see declaration of 'std'
  
E:\Downloads\Plugins\common\Settings.h(195,30): error C3861: 'exists': identifier not found
  (compiling source file 'helpers.cpp')
  
E:\Downloads\Plugins\common\Settings.h(199,18): error C3083: 'filesystem': the symbol to the left of a '::' must be a type
  (compiling source file 'helpers.cpp')
  
E:\Downloads\Plugins\common\Settings.h(199,30): error C2039: 'exists': is not a member of 'std'
  (compiling source file 'helpers.cpp')
      C:\Program Files\Microsoft Visual Studio\18\Community\VC\Tools\MSVC\14.50.35717\include\fstream(20,1):
      see declaration of 'std'
  
E:\Downloads\Plugins\common\Settings.h(199,30): error C3861: 'exists': identifier not found
  (compiling source file 'helpers.cpp')
  
E:\Downloads\Plugins\common\Settings.h(203,18): error C3083: 'filesystem': the symbol to the left of a '::' must be a type
  (compiling source file 'helpers.cpp')
  
E:\Downloads\Plugins\common\Settings.h(203,30): error C2039: 'exists': is not a member of 'std'
  (compiling source file 'helpers.cpp')
      C:\Program Files\Microsoft Visual Studio\18\Community\VC\Tools\MSVC\14.50.35717\include\fstream(20,1):
      see declaration of 'std'
  
E:\Downloads\Plugins\common\Settings.h(203,30): error C3861: 'exists': identifier not found
  (compiling source file 'helpers.cpp')
  
E:\Downloads\Plugins\common\Settings.h(207,18): error C3083: 'filesystem': the symbol to the left of a '::' must be a type
  (compiling source file 'helpers.cpp')
  
E:\Downloads\Plugins\common\Settings.h(207,30): error C2039: 'exists': is not a member of 'std'
  (compiling source file 'helpers.cpp')
      C:\Program Files\Microsoft Visual Studio\18\Community\VC\Tools\MSVC\14.50.35717\include\fstream(20,1):
      see declaration of 'std'
  
E:\Downloads\Plugins\common\Settings.h(207,30): error C3861: 'exists': identifier not found
  (compiling source file 'helpers.cpp')
  
E:\Downloads\Plugins\common\Settings.h(211,18): error C3083: 'filesystem': the symbol to the left of a '::' must be a type
  (compiling source file 'helpers.cpp')
  
E:\Downloads\Plugins\common\Settings.h(211,30): error C2039: 'exists': is not a member of 'std'
  (compiling source file 'helpers.cpp')
      C:\Program Files\Microsoft Visual Studio\18\Community\VC\Tools\MSVC\14.50.35717\include\fstream(20,1):
      see declaration of 'std'
  
E:\Downloads\Plugins\common\Settings.h(211,30): error C3861: 'exists': identifier not found
  (compiling source file 'helpers.cpp')
  
E:\Downloads\Plugins\common\Settings.h(235,20): warning C4244: 'initializing': conversion from 'std::streamoff' to 'long', possible loss of data
  (compiling source file 'helpers.cpp')
  
E:\Downloads\Plugins\common\Settings.h(258,20): warning C4244: 'initializing': conversion from 'std::streamoff' to 'long', possible loss of data
  (compiling source file 'helpers.cpp')
  
E:\Downloads\Plugins\common\Settings.h(309,20): warning C4244: 'initializing': conversion from 'std::streamoff' to 'long', possible loss of data
  (compiling source file 'helpers.cpp')
  
E:\Downloads\Plugins\Lootwhore\helpers.cpp(80,27): warning C4244: '=': conversion from 'uint16_t' to 'uint8_t', possible loss of data
E:\Downloads\Plugins\Lootwhore\helpers.cpp(103,36): warning C4244: '=': conversion from 'uint16_t' to 'uint8_t', possible loss of data
E:\Downloads\Plugins\Lootwhore\helpers.cpp(121,30): warning C4244: '=': conversion from 'uint16_t' to 'uint8_t', possible loss of data
E:\Downloads\Plugins\Lootwhore\helpers.cpp(122,35): warning C4244: '=': conversion from 'uint16_t' to 'uint8_t', possible loss of data
E:\Downloads\Plugins\Lootwhore\helpers.cpp(138,25): warning C4312: 'type cast': conversion from 'DWORD' to 'uint8_t *' of greater size
E:\Downloads\Plugins\Lootwhore\helpers.cpp(141,13): warning C4312: 'type cast': conversion from 'DWORD' to 'uint8_t *' of greater size
E:\Downloads\Plugins\Lootwhore\helpers.cpp(158,20): warning C4312: 'type cast': conversion from 'DWORD' to 'uint8_t *' of greater size
E:\Downloads\Plugins\Lootwhore\helpers.cpp(159,20): warning C4312: 'type cast': conversion from 'DWORD' to 'uint8_t *' of greater size
E:\Downloads\Plugins\Lootwhore\helpers.cpp(166,33): warning C4312: 'type cast': conversion from 'DWORD' to 'uint8_t *' of greater size
E:\Downloads\Plugins\Lootwhore\helpers.cpp(172,33): warning C4312: 'type cast': conversion from 'DWORD' to 'uint8_t *' of greater size
E:\Downloads\Plugins\Lootwhore\helpers.cpp(173,33): warning C4312: 'type cast': conversion from 'DWORD' to 'uint8_t *' of greater size
  logic.cpp
E:\Downloads\Plugins\sdk\Chat.h(36,11): error C2429: language feature 'nested-namespace-definition' requires compiler flag '/std:c++17'
  (compiling source file 'logic.cpp')
  
E:\Downloads\Plugins\sdk\Commands.h(43,11): error C2429: language feature 'nested-namespace-definition' requires compiler flag '/std:c++17'
  (compiling source file 'logic.cpp')
  
E:\Downloads\Plugins\sdk\Commands.h(57,21): error C3083: 'ranges': the symbol to the left of a '::' must be a type
  (compiling source file 'logic.cpp')
  
E:\Downloads\Plugins\sdk\Commands.h(57,29): error C2672: 'std::any_of': no matching overloaded function found
  (compiling source file 'logic.cpp')
      C:\Program Files\Microsoft Visual Studio\18\Community\VC\Tools\MSVC\14.50.35717\include\algorithm(1530,30):
      could be 'bool std::any_of(const _InIt,const _InIt,_Pr)'
          E:\Downloads\Plugins\sdk\Commands.h(57,29):
          'bool std::any_of(const _InIt,const _InIt,_Pr)': expects 3 arguments - 2 provided
  
E:\Downloads\Plugins\sdk\Commands.h(156,26): warning C4267: 'return': conversion from 'size_t' to 'uint32_t', possible loss of data
  (compiling source file 'logic.cpp')
  
E:\Downloads\Plugins\sdk\ErrorHandling.h(51,11): error C2429: language feature 'nested-namespace-definition' requires compiler flag '/std:c++17'
  (compiling source file 'logic.cpp')
  
E:\Downloads\Plugins\sdk\ErrorHandling.h(156,34): warning C4535: calling _set_se_translator() requires /EHa
  (compiling source file 'logic.cpp')
  
E:\Downloads\Plugins\sdk\Memory.h(110,1): error C2429: language feature 'init-statements in if/switch' requires compiler flag '/std:c++17'
  (compiling source file 'logic.cpp')
  
E:\Downloads\Plugins\sdk\Threading.h(37,11): error C2429: language feature 'nested-namespace-definition' requires compiler flag '/std:c++17'
  (compiling source file 'logic.cpp')
  
E:\Downloads\Plugins\sdk\Threading.h(356,1): error C2429: language feature 'init-statements in if/switch' requires compiler flag '/std:c++17'
  (compiling source file 'logic.cpp')
  
E:\Downloads\Plugins\sdk\ffxi\autofollow.h(34,11): error C2429: language feature 'nested-namespace-definition' requires compiler flag '/std:c++17'
  (compiling source file 'logic.cpp')
  
E:\Downloads\Plugins\sdk\ffxi\castbar.h(34,11): error C2429: language feature 'nested-namespace-definition' requires compiler flag '/std:c++17'
  (compiling source file 'logic.cpp')
  
E:\Downloads\Plugins\sdk\ffxi\config.h(42,11): error C2429: language feature 'nested-namespace-definition' requires compiler flag '/std:c++17'
  (compiling source file 'logic.cpp')
  
E:\Downloads\Plugins\sdk\ffxi\entity.h(34,11): error C2429: language feature 'nested-namespace-definition' requires compiler flag '/std:c++17'
  (compiling source file 'logic.cpp')
  
E:\Downloads\Plugins\sdk\ffxi\enums.h(33,11): error C2429: language feature 'nested-namespace-definition' requires compiler flag '/std:c++17'
  (compiling source file 'logic.cpp')
  
E:\Downloads\Plugins\sdk\ffxi\inventory.h(35,11): error C2429: language feature 'nested-namespace-definition' requires compiler flag '/std:c++17'
  (compiling source file 'logic.cpp')
  
E:\Downloads\Plugins\sdk\ffxi\party.h(34,11): error C2429: language feature 'nested-namespace-definition' requires compiler flag '/std:c++17'
  (compiling source file 'logic.cpp')
  
E:\Downloads\Plugins\sdk\ffxi\player.h(34,11): error C2429: language feature 'nested-namespace-definition' requires compiler flag '/std:c++17'
  (compiling source file 'logic.cpp')
  
E:\Downloads\Plugins\sdk\ffxi\target.h(34,11): error C2429: language feature 'nested-namespace-definition' requires compiler flag '/std:c++17'
  (compiling source file 'logic.cpp')
  
E:\Downloads\Plugins\common\Output.h(33,24): warning C4267: 'initializing': conversion from 'size_t' to 'int', possible loss of data
  (compiling source file 'logic.cpp')
  
E:\Downloads\Plugins\common\Output.h(37,35): warning C4267: '=': conversion from 'size_t' to 'int', possible loss of data
  (compiling source file 'logic.cpp')
  
E:\Downloads\Plugins\common\Output.h(40,27): warning C4267: '=': conversion from 'size_t' to 'int', possible loss of data
  (compiling source file 'logic.cpp')
  
E:\Downloads\Plugins\common\Output.h(44,35): warning C4267: '=': conversion from 'size_t' to 'int', possible loss of data
  (compiling source file 'logic.cpp')
  
E:\Downloads\Plugins\common\Output.h(76,24): warning C4267: 'initializing': conversion from 'size_t' to 'int', possible loss of data
  (compiling source file 'logic.cpp')
  
E:\Downloads\Plugins\common\Output.h(80,35): warning C4267: '=': conversion from 'size_t' to 'int', possible loss of data
  (compiling source file 'logic.cpp')
  
E:\Downloads\Plugins\common\Output.h(83,27): warning C4267: '=': conversion from 'size_t' to 'int', possible loss of data
  (compiling source file 'logic.cpp')
  
E:\Downloads\Plugins\common\Output.h(87,35): warning C4267: '=': conversion from 'size_t' to 'int', possible loss of data
  (compiling source file 'logic.cpp')
  
E:\Downloads\Plugins\common\Output.h(110,24): warning C4267: 'initializing': conversion from 'size_t' to 'int', possible loss of data
  (compiling source file 'logic.cpp')
  
E:\Downloads\Plugins\common\Output.h(114,35): warning C4267: '=': conversion from 'size_t' to 'int', possible loss of data
  (compiling source file 'logic.cpp')
  
E:\Downloads\Plugins\common\Output.h(117,27): warning C4267: '=': conversion from 'size_t' to 'int', possible loss of data
  (compiling source file 'logic.cpp')
  
E:\Downloads\Plugins\common\Output.h(121,35): warning C4267: '=': conversion from 'size_t' to 'int', possible loss of data
  (compiling source file 'logic.cpp')
  
C:\Program Files\Microsoft Visual Studio\18\Community\VC\Tools\MSVC\14.50.35717\include\filesystem(12): warning STL4038: The contents of <filesystem> are available only with C++17 or later.
E:\Downloads\Plugins\common\Settings.h(83,24): error C3083: 'filesystem': the symbol to the left of a '::' must be a type
  (compiling source file 'logic.cpp')
  
E:\Downloads\Plugins\common\Settings.h(83,36): error C2039: 'exists': is not a member of 'std'
  (compiling source file 'logic.cpp')
      C:\Program Files\Microsoft Visual Studio\18\Community\VC\Tools\MSVC\14.50.35717\include\fstream(20,1):
      see declaration of 'std'
  
E:\Downloads\Plugins\common\Settings.h(83,36): error C2064: term does not evaluate to a function taking 1 arguments
  (compiling source file 'logic.cpp')
  
E:\Downloads\Plugins\common\Settings.h(91,18): error C3083: 'filesystem': the symbol to the left of a '::' must be a type
  (compiling source file 'logic.cpp')
  
E:\Downloads\Plugins\common\Settings.h(91,30): error C2039: 'exists': is not a member of 'std'
  (compiling source file 'logic.cpp')
      C:\Program Files\Microsoft Visual Studio\18\Community\VC\Tools\MSVC\14.50.35717\include\fstream(20,1):
      see declaration of 'std'
  
E:\Downloads\Plugins\common\Settings.h(91,30): error C3861: 'exists': identifier not found
  (compiling source file 'logic.cpp')
  
E:\Downloads\Plugins\common\Settings.h(95,18): error C3083: 'filesystem': the symbol to the left of a '::' must be a type
  (compiling source file 'logic.cpp')
  
E:\Downloads\Plugins\common\Settings.h(95,30): error C2039: 'exists': is not a member of 'std'
  (compiling source file 'logic.cpp')
      C:\Program Files\Microsoft Visual Studio\18\Community\VC\Tools\MSVC\14.50.35717\include\fstream(20,1):
      see declaration of 'std'
  
E:\Downloads\Plugins\common\Settings.h(95,30): error C3861: 'exists': identifier not found
  (compiling source file 'logic.cpp')
  
E:\Downloads\Plugins\common\Settings.h(105,18): error C3083: 'filesystem': the symbol to the left of a '::' must be a type
  (compiling source file 'logic.cpp')
  
E:\Downloads\Plugins\common\Settings.h(105,30): error C2039: 'exists': is not a member of 'std'
  (compiling source file 'logic.cpp')
      C:\Program Files\Microsoft Visual Studio\18\Community\VC\Tools\MSVC\14.50.35717\include\fstream(20,1):
      see declaration of 'std'
  
E:\Downloads\Plugins\common\Settings.h(105,30): error C3861: 'exists': identifier not found
  (compiling source file 'logic.cpp')
  
E:\Downloads\Plugins\common\Settings.h(109,18): error C3083: 'filesystem': the symbol to the left of a '::' must be a type
  (compiling source file 'logic.cpp')
  
E:\Downloads\Plugins\common\Settings.h(109,30): error C2039: 'exists': is not a member of 'std'
  (compiling source file 'logic.cpp')
      C:\Program Files\Microsoft Visual Studio\18\Community\VC\Tools\MSVC\14.50.35717\include\fstream(20,1):
      see declaration of 'std'
  
E:\Downloads\Plugins\common\Settings.h(109,30): error C3861: 'exists': identifier not found
  (compiling source file 'logic.cpp')
  
E:\Downloads\Plugins\common\Settings.h(113,18): error C3083: 'filesystem': the symbol to the left of a '::' must be a type
  (compiling source file 'logic.cpp')
  
E:\Downloads\Plugins\common\Settings.h(113,30): error C2039: 'exists': is not a member of 'std'
  (compiling source file 'logic.cpp')
      C:\Program Files\Microsoft Visual Studio\18\Community\VC\Tools\MSVC\14.50.35717\include\fstream(20,1):
      see declaration of 'std'
  
E:\Downloads\Plugins\common\Settings.h(113,30): error C3861: 'exists': identifier not found
  (compiling source file 'logic.cpp')
  
E:\Downloads\Plugins\common\Settings.h(117,18): error C3083: 'filesystem': the symbol to the left of a '::' must be a type
  (compiling source file 'logic.cpp')
  
E:\Downloads\Plugins\common\Settings.h(117,30): error C2039: 'exists': is not a member of 'std'
  (compiling source file 'logic.cpp')
      C:\Program Files\Microsoft Visual Studio\18\Community\VC\Tools\MSVC\14.50.35717\include\fstream(20,1):
      see declaration of 'std'
  
E:\Downloads\Plugins\common\Settings.h(117,30): error C3861: 'exists': identifier not found
  (compiling source file 'logic.cpp')
  
E:\Downloads\Plugins\common\Settings.h(126,18): error C3083: 'filesystem': the symbol to the left of a '::' must be a type
  (compiling source file 'logic.cpp')
  
E:\Downloads\Plugins\common\Settings.h(126,30): error C2039: 'exists': is not a member of 'std'
  (compiling source file 'logic.cpp')
      C:\Program Files\Microsoft Visual Studio\18\Community\VC\Tools\MSVC\14.50.35717\include\fstream(20,1):
      see declaration of 'std'
  
E:\Downloads\Plugins\common\Settings.h(126,30): error C3861: 'exists': identifier not found
  (compiling source file 'logic.cpp')
  
E:\Downloads\Plugins\common\Settings.h(130,18): error C3083: 'filesystem': the symbol to the left of a '::' must be a type
  (compiling source file 'logic.cpp')
  
E:\Downloads\Plugins\common\Settings.h(130,30): error C2039: 'exists': is not a member of 'std'
  (compiling source file 'logic.cpp')
      C:\Program Files\Microsoft Visual Studio\18\Community\VC\Tools\MSVC\14.50.35717\include\fstream(20,1):
      see declaration of 'std'
  
E:\Downloads\Plugins\common\Settings.h(130,30): error C3861: 'exists': identifier not found
  (compiling source file 'logic.cpp')
  
E:\Downloads\Plugins\common\Settings.h(134,18): error C3083: 'filesystem': the symbol to the left of a '::' must be a type
  (compiling source file 'logic.cpp')
  
E:\Downloads\Plugins\common\Settings.h(134,30): error C2039: 'exists': is not a member of 'std'
  (compiling source file 'logic.cpp')
      C:\Program Files\Microsoft Visual Studio\18\Community\VC\Tools\MSVC\14.50.35717\include\fstream(20,1):
      see declaration of 'std'
  
E:\Downloads\Plugins\common\Settings.h(134,30): error C3861: 'exists': identifier not found
  (compiling source file 'logic.cpp')
  
E:\Downloads\Plugins\common\Settings.h(138,18): error C3083: 'filesystem': the symbol to the left of a '::' must be a type
  (compiling source file 'logic.cpp')
  
E:\Downloads\Plugins\common\Settings.h(138,30): error C2039: 'exists': is not a member of 'std'
  (compiling source file 'logic.cpp')
      C:\Program Files\Microsoft Visual Studio\18\Community\VC\Tools\MSVC\14.50.35717\include\fstream(20,1):
      see declaration of 'std'
  
E:\Downloads\Plugins\common\Settings.h(138,30): error C3861: 'exists': identifier not found
  (compiling source file 'logic.cpp')
  
E:\Downloads\Plugins\common\Settings.h(141,18): error C3083: 'filesystem': the symbol to the left of a '::' must be a type
  (compiling source file 'logic.cpp')
  
E:\Downloads\Plugins\common\Settings.h(141,30): error C2039: 'exists': is not a member of 'std'
  (compiling source file 'logic.cpp')
      C:\Program Files\Microsoft Visual Studio\18\Community\VC\Tools\MSVC\14.50.35717\include\fstream(20,1):
      see declaration of 'std'
  
E:\Downloads\Plugins\common\Settings.h(141,30): error C3861: 'exists': identifier not found
  (compiling source file 'logic.cpp')
  
E:\Downloads\Plugins\common\Settings.h(145,18): error C3083: 'filesystem': the symbol to the left of a '::' must be a type
  (compiling source file 'logic.cpp')
  
E:\Downloads\Plugins\common\Settings.h(145,30): error C2039: 'exists': is not a member of 'std'
  (compiling source file 'logic.cpp')
      C:\Program Files\Microsoft Visual Studio\18\Community\VC\Tools\MSVC\14.50.35717\include\fstream(20,1):
      see declaration of 'std'
  
E:\Downloads\Plugins\common\Settings.h(145,30): error C3861: 'exists': identifier not found
  (compiling source file 'logic.cpp')
  
E:\Downloads\Plugins\common\Settings.h(154,18): error C3083: 'filesystem': the symbol to the left of a '::' must be a type
  (compiling source file 'logic.cpp')
  
E:\Downloads\Plugins\common\Settings.h(154,30): error C2039: 'exists': is not a member of 'std'
  (compiling source file 'logic.cpp')
      C:\Program Files\Microsoft Visual Studio\18\Community\VC\Tools\MSVC\14.50.35717\include\fstream(20,1):
      see declaration of 'std'
  
E:\Downloads\Plugins\common\Settings.h(154,30): error C3861: 'exists': identifier not found
  (compiling source file 'logic.cpp')
  
E:\Downloads\Plugins\common\Settings.h(158,18): error C3083: 'filesystem': the symbol to the left of a '::' must be a type
  (compiling source file 'logic.cpp')
  
E:\Downloads\Plugins\common\Settings.h(158,30): error C2039: 'exists': is not a member of 'std'
  (compiling source file 'logic.cpp')
      C:\Program Files\Microsoft Visual Studio\18\Community\VC\Tools\MSVC\14.50.35717\include\fstream(20,1):
      see declaration of 'std'
  
E:\Downloads\Plugins\common\Settings.h(158,30): error C3861: 'exists': identifier not found
  (compiling source file 'logic.cpp')
  
E:\Downloads\Plugins\common\Settings.h(162,18): error C3083: 'filesystem': the symbol to the left of a '::' must be a type
  (compiling source file 'logic.cpp')
  
E:\Downloads\Plugins\common\Settings.h(162,30): error C2039: 'exists': is not a member of 'std'
  (compiling source file 'logic.cpp')
      C:\Program Files\Microsoft Visual Studio\18\Community\VC\Tools\MSVC\14.50.35717\include\fstream(20,1):
      see declaration of 'std'
  
E:\Downloads\Plugins\common\Settings.h(162,30): error C3861: 'exists': identifier not found
  (compiling source file 'logic.cpp')
  
E:\Downloads\Plugins\common\Settings.h(166,18): error C3083: 'filesystem': the symbol to the left of a '::' must be a type
  (compiling source file 'logic.cpp')
  
E:\Downloads\Plugins\common\Settings.h(166,30): error C2039: 'exists': is not a member of 'std'
  (compiling source file 'logic.cpp')
      C:\Program Files\Microsoft Visual Studio\18\Community\VC\Tools\MSVC\14.50.35717\include\fstream(20,1):
      see declaration of 'std'
  
E:\Downloads\Plugins\common\Settings.h(166,30): error C3861: 'exists': identifier not found
  (compiling source file 'logic.cpp')
  
E:\Downloads\Plugins\common\Settings.h(170,18): error C3083: 'filesystem': the symbol to the left of a '::' must be a type
  (compiling source file 'logic.cpp')
  
E:\Downloads\Plugins\common\Settings.h(170,30): error C2039: 'exists': is not a member of 'std'
  (compiling source file 'logic.cpp')
      C:\Program Files\Microsoft Visual Studio\18\Community\VC\Tools\MSVC\14.50.35717\include\fstream(20,1):
      see declaration of 'std'
  
E:\Downloads\Plugins\common\Settings.h(170,30): error C3861: 'exists': identifier not found
  (compiling source file 'logic.cpp')
  
E:\Downloads\Plugins\common\Settings.h(174,18): error C3083: 'filesystem': the symbol to the left of a '::' must be a type
  (compiling source file 'logic.cpp')
  
E:\Downloads\Plugins\common\Settings.h(174,30): error C2039: 'exists': is not a member of 'std'
  (compiling source file 'logic.cpp')
      C:\Program Files\Microsoft Visual Studio\18\Community\VC\Tools\MSVC\14.50.35717\include\fstream(20,1):
      see declaration of 'std'
  
E:\Downloads\Plugins\common\Settings.h(174,30): error C3861: 'exists': identifier not found
  (compiling source file 'logic.cpp')
  
E:\Downloads\Plugins\common\Settings.h(183,18): error C3083: 'filesystem': the symbol to the left of a '::' must be a type
  (compiling source file 'logic.cpp')
  
E:\Downloads\Plugins\common\Settings.h(183,30): error C2039: 'exists': is not a member of 'std'
  (compiling source file 'logic.cpp')
      C:\Program Files\Microsoft Visual Studio\18\Community\VC\Tools\MSVC\14.50.35717\include\fstream(20,1):
      see declaration of 'std'
  
E:\Downloads\Plugins\common\Settings.h(183,30): error C3861: 'exists': identifier not found
  (compiling source file 'logic.cpp')
  
E:\Downloads\Plugins\common\Settings.h(187,18): error C3083: 'filesystem': the symbol to the left of a '::' must be a type
  (compiling source file 'logic.cpp')
  
E:\Downloads\Plugins\common\Settings.h(187,30): error C2039: 'exists': is not a member of 'std'
  (compiling source file 'logic.cpp')
      C:\Program Files\Microsoft Visual Studio\18\Community\VC\Tools\MSVC\14.50.35717\include\fstream(20,1):
      see declaration of 'std'
  
E:\Downloads\Plugins\common\Settings.h(187,30): error C3861: 'exists': identifier not found
  (compiling source file 'logic.cpp')
  
E:\Downloads\Plugins\common\Settings.h(191,18): error C3083: 'filesystem': the symbol to the left of a '::' must be a type
  (compiling source file 'logic.cpp')
  
E:\Downloads\Plugins\common\Settings.h(191,30): error C2039: 'exists': is not a member of 'std'
  (compiling source file 'logic.cpp')
      C:\Program Files\Microsoft Visual Studio\18\Community\VC\Tools\MSVC\14.50.35717\include\fstream(20,1):
      see declaration of 'std'
  
E:\Downloads\Plugins\common\Settings.h(191,30): error C3861: 'exists': identifier not found
  (compiling source file 'logic.cpp')
  
E:\Downloads\Plugins\common\Settings.h(195,18): error C3083: 'filesystem': the symbol to the left of a '::' must be a type
  (compiling source file 'logic.cpp')
  
E:\Downloads\Plugins\common\Settings.h(195,30): error C2039: 'exists': is not a member of 'std'
  (compiling source file 'logic.cpp')
      C:\Program Files\Microsoft Visual Studio\18\Community\VC\Tools\MSVC\14.50.35717\include\fstream(20,1):
      see declaration of 'std'
  
E:\Downloads\Plugins\common\Settings.h(195,30): error C3861: 'exists': identifier not found
  (compiling source file 'logic.cpp')
  
E:\Downloads\Plugins\common\Settings.h(199,18): error C3083: 'filesystem': the symbol to the left of a '::' must be a type
  (compiling source file 'logic.cpp')
  
E:\Downloads\Plugins\common\Settings.h(199,30): error C2039: 'exists': is not a member of 'std'
  (compiling source file 'logic.cpp')
      C:\Program Files\Microsoft Visual Studio\18\Community\VC\Tools\MSVC\14.50.35717\include\fstream(20,1):
      see declaration of 'std'
  
E:\Downloads\Plugins\common\Settings.h(199,30): error C3861: 'exists': identifier not found
  (compiling source file 'logic.cpp')
  
E:\Downloads\Plugins\common\Settings.h(203,18): error C3083: 'filesystem': the symbol to the left of a '::' must be a type
  (compiling source file 'logic.cpp')
  
E:\Downloads\Plugins\common\Settings.h(203,30): error C2039: 'exists': is not a member of 'std'
  (compiling source file 'logic.cpp')
      C:\Program Files\Microsoft Visual Studio\18\Community\VC\Tools\MSVC\14.50.35717\include\fstream(20,1):
      see declaration of 'std'
  
E:\Downloads\Plugins\common\Settings.h(203,30): error C3861: 'exists': identifier not found
  (compiling source file 'logic.cpp')
  
E:\Downloads\Plugins\common\Settings.h(207,18): error C3083: 'filesystem': the symbol to the left of a '::' must be a type
  (compiling source file 'logic.cpp')
  
E:\Downloads\Plugins\common\Settings.h(207,30): error C2039: 'exists': is not a member of 'std'
  (compiling source file 'logic.cpp')
      C:\Program Files\Microsoft Visual Studio\18\Community\VC\Tools\MSVC\14.50.35717\include\fstream(20,1):
      see declaration of 'std'
  
E:\Downloads\Plugins\common\Settings.h(207,30): error C3861: 'exists': identifier not found
  (compiling source file 'logic.cpp')
  
E:\Downloads\Plugins\common\Settings.h(211,18): error C3083: 'filesystem': the symbol to the left of a '::' must be a type
  (compiling source file 'logic.cpp')
  
E:\Downloads\Plugins\common\Settings.h(211,30): error C2039: 'exists': is not a member of 'std'
  (compiling source file 'logic.cpp')
      C:\Program Files\Microsoft Visual Studio\18\Community\VC\Tools\MSVC\14.50.35717\include\fstream(20,1):
      see declaration of 'std'
  
E:\Downloads\Plugins\common\Settings.h(211,30): error C3861: 'exists': identifier not found
  (compiling source file 'logic.cpp')
  
E:\Downloads\Plugins\common\Settings.h(235,20): warning C4244: 'initializing': conversion from 'std::streamoff' to 'long', possible loss of data
  (compiling source file 'logic.cpp')
  
E:\Downloads\Plugins\common\Settings.h(258,20): warning C4244: 'initializing': conversion from 'std::streamoff' to 'long', possible loss of data
  (compiling source file 'logic.cpp')
  
E:\Downloads\Plugins\common\Settings.h(309,20): warning C4244: 'initializing': conversion from 'std::streamoff' to 'long', possible loss of data
  (compiling source file 'logic.cpp')
  
  main.cpp
E:\Downloads\Plugins\sdk\Chat.h(36,11): error C2429: language feature 'nested-namespace-definition' requires compiler flag '/std:c++17'
  (compiling source file 'main.cpp')
  
E:\Downloads\Plugins\sdk\Commands.h(43,11): error C2429: language feature 'nested-namespace-definition' requires compiler flag '/std:c++17'
  (compiling source file 'main.cpp')
  
E:\Downloads\Plugins\sdk\Commands.h(57,21): error C3083: 'ranges': the symbol to the left of a '::' must be a type
  (compiling source file 'main.cpp')
  
E:\Downloads\Plugins\sdk\Commands.h(57,29): error C2672: 'std::any_of': no matching overloaded function found
  (compiling source file 'main.cpp')
      C:\Program Files\Microsoft Visual Studio\18\Community\VC\Tools\MSVC\14.50.35717\include\algorithm(1530,30):
      could be 'bool std::any_of(const _InIt,const _InIt,_Pr)'
          E:\Downloads\Plugins\sdk\Commands.h(57,29):
          'bool std::any_of(const _InIt,const _InIt,_Pr)': expects 3 arguments - 2 provided
  
E:\Downloads\Plugins\sdk\Commands.h(156,26): warning C4267: 'return': conversion from 'size_t' to 'uint32_t', possible loss of data
  (compiling source file 'main.cpp')
  
E:\Downloads\Plugins\sdk\ErrorHandling.h(51,11): error C2429: language feature 'nested-namespace-definition' requires compiler flag '/std:c++17'
  (compiling source file 'main.cpp')
  
E:\Downloads\Plugins\sdk\ErrorHandling.h(156,34): warning C4535: calling _set_se_translator() requires /EHa
  (compiling source file 'main.cpp')
  
E:\Downloads\Plugins\sdk\Memory.h(110,1): error C2429: language feature 'init-statements in if/switch' requires compiler flag '/std:c++17'
  (compiling source file 'main.cpp')
  
E:\Downloads\Plugins\sdk\Threading.h(37,11): error C2429: language feature 'nested-namespace-definition' requires compiler flag '/std:c++17'
  (compiling source file 'main.cpp')
  
E:\Downloads\Plugins\sdk\Threading.h(356,1): error C2429: language feature 'init-statements in if/switch' requires compiler flag '/std:c++17'
  (compiling source file 'main.cpp')
  
E:\Downloads\Plugins\sdk\ffxi\autofollow.h(34,11): error C2429: language feature 'nested-namespace-definition' requires compiler flag '/std:c++17'
  (compiling source file 'main.cpp')
  
E:\Downloads\Plugins\sdk\ffxi\castbar.h(34,11): error C2429: language feature 'nested-namespace-definition' requires compiler flag '/std:c++17'
  (compiling source file 'main.cpp')
  
E:\Downloads\Plugins\sdk\ffxi\config.h(42,11): error C2429: language feature 'nested-namespace-definition' requires compiler flag '/std:c++17'
  (compiling source file 'main.cpp')
  
E:\Downloads\Plugins\sdk\ffxi\entity.h(34,11): error C2429: language feature 'nested-namespace-definition' requires compiler flag '/std:c++17'
  (compiling source file 'main.cpp')
  
E:\Downloads\Plugins\sdk\ffxi\enums.h(33,11): error C2429: language feature 'nested-namespace-definition' requires compiler flag '/std:c++17'
  (compiling source file 'main.cpp')
  
E:\Downloads\Plugins\sdk\ffxi\inventory.h(35,11): error C2429: language feature 'nested-namespace-definition' requires compiler flag '/std:c++17'
  (compiling source file 'main.cpp')
  
E:\Downloads\Plugins\sdk\ffxi\party.h(34,11): error C2429: language feature 'nested-namespace-definition' requires compiler flag '/std:c++17'
  (compiling source file 'main.cpp')
  
E:\Downloads\Plugins\sdk\ffxi\player.h(34,11): error C2429: language feature 'nested-namespace-definition' requires compiler flag '/std:c++17'
  (compiling source file 'main.cpp')
  
E:\Downloads\Plugins\sdk\ffxi\target.h(34,11): error C2429: language feature 'nested-namespace-definition' requires compiler flag '/std:c++17'
  (compiling source file 'main.cpp')
  
E:\Downloads\Plugins\common\Output.h(33,24): warning C4267: 'initializing': conversion from 'size_t' to 'int', possible loss of data
  (compiling source file 'main.cpp')
  
E:\Downloads\Plugins\common\Output.h(37,35): warning C4267: '=': conversion from 'size_t' to 'int', possible loss of data
  (compiling source file 'main.cpp')
  
E:\Downloads\Plugins\common\Output.h(40,27): warning C4267: '=': conversion from 'size_t' to 'int', possible loss of data
  (compiling source file 'main.cpp')
  
E:\Downloads\Plugins\common\Output.h(44,35): warning C4267: '=': conversion from 'size_t' to 'int', possible loss of data
  (compiling source file 'main.cpp')
  
E:\Downloads\Plugins\common\Output.h(76,24): warning C4267: 'initializing': conversion from 'size_t' to 'int', possible loss of data
  (compiling source file 'main.cpp')
  
E:\Downloads\Plugins\common\Output.h(80,35): warning C4267: '=': conversion from 'size_t' to 'int', possible loss of data
  (compiling source file 'main.cpp')
  
E:\Downloads\Plugins\common\Output.h(83,27): warning C4267: '=': conversion from 'size_t' to 'int', possible loss of data
  (compiling source file 'main.cpp')
  
E:\Downloads\Plugins\common\Output.h(87,35): warning C4267: '=': conversion from 'size_t' to 'int', possible loss of data
  (compiling source file 'main.cpp')
  
E:\Downloads\Plugins\common\Output.h(110,24): warning C4267: 'initializing': conversion from 'size_t' to 'int', possible loss of data
  (compiling source file 'main.cpp')
  
E:\Downloads\Plugins\common\Output.h(114,35): warning C4267: '=': conversion from 'size_t' to 'int', possible loss of data
  (compiling source file 'main.cpp')
  
E:\Downloads\Plugins\common\Output.h(117,27): warning C4267: '=': conversion from 'size_t' to 'int', possible loss of data
  (compiling source file 'main.cpp')
  
E:\Downloads\Plugins\common\Output.h(121,35): warning C4267: '=': conversion from 'size_t' to 'int', possible loss of data
  (compiling source file 'main.cpp')
  
C:\Program Files\Microsoft Visual Studio\18\Community\VC\Tools\MSVC\14.50.35717\include\filesystem(12): warning STL4038: The contents of <filesystem> are available only with C++17 or later.
E:\Downloads\Plugins\common\Settings.h(83,24): error C3083: 'filesystem': the symbol to the left of a '::' must be a type
  (compiling source file 'main.cpp')
  
E:\Downloads\Plugins\common\Settings.h(83,36): error C2039: 'exists': is not a member of 'std'
  (compiling source file 'main.cpp')
      C:\Program Files\Microsoft Visual Studio\18\Community\VC\Tools\MSVC\14.50.35717\include\fstream(20,1):
      see declaration of 'std'
  
E:\Downloads\Plugins\common\Settings.h(83,36): error C2064: term does not evaluate to a function taking 1 arguments
  (compiling source file 'main.cpp')
  
E:\Downloads\Plugins\common\Settings.h(91,18): error C3083: 'filesystem': the symbol to the left of a '::' must be a type
  (compiling source file 'main.cpp')
  
E:\Downloads\Plugins\common\Settings.h(91,30): error C2039: 'exists': is not a member of 'std'
  (compiling source file 'main.cpp')
      C:\Program Files\Microsoft Visual Studio\18\Community\VC\Tools\MSVC\14.50.35717\include\fstream(20,1):
      see declaration of 'std'
  
E:\Downloads\Plugins\common\Settings.h(91,30): error C3861: 'exists': identifier not found
  (compiling source file 'main.cpp')
  
E:\Downloads\Plugins\common\Settings.h(95,18): error C3083: 'filesystem': the symbol to the left of a '::' must be a type
  (compiling source file 'main.cpp')
  
E:\Downloads\Plugins\common\Settings.h(95,30): error C2039: 'exists': is not a member of 'std'
  (compiling source file 'main.cpp')
      C:\Program Files\Microsoft Visual Studio\18\Community\VC\Tools\MSVC\14.50.35717\include\fstream(20,1):
      see declaration of 'std'
  
E:\Downloads\Plugins\common\Settings.h(95,30): error C3861: 'exists': identifier not found
  (compiling source file 'main.cpp')
  
E:\Downloads\Plugins\common\Settings.h(105,18): error C3083: 'filesystem': the symbol to the left of a '::' must be a type
  (compiling source file 'main.cpp')
  
E:\Downloads\Plugins\common\Settings.h(105,30): error C2039: 'exists': is not a member of 'std'
  (compiling source file 'main.cpp')
      C:\Program Files\Microsoft Visual Studio\18\Community\VC\Tools\MSVC\14.50.35717\include\fstream(20,1):
      see declaration of 'std'
  
E:\Downloads\Plugins\common\Settings.h(105,30): error C3861: 'exists': identifier not found
  (compiling source file 'main.cpp')
  
E:\Downloads\Plugins\common\Settings.h(109,18): error C3083: 'filesystem': the symbol to the left of a '::' must be a type
  (compiling source file 'main.cpp')
  
E:\Downloads\Plugins\common\Settings.h(109,30): error C2039: 'exists': is not a member of 'std'
  (compiling source file 'main.cpp')
      C:\Program Files\Microsoft Visual Studio\18\Community\VC\Tools\MSVC\14.50.35717\include\fstream(20,1):
      see declaration of 'std'
  
E:\Downloads\Plugins\common\Settings.h(109,30): error C3861: 'exists': identifier not found
  (compiling source file 'main.cpp')
  
E:\Downloads\Plugins\common\Settings.h(113,18): error C3083: 'filesystem': the symbol to the left of a '::' must be a type
  (compiling source file 'main.cpp')
  
E:\Downloads\Plugins\common\Settings.h(113,30): error C2039: 'exists': is not a member of 'std'
  (compiling source file 'main.cpp')
      C:\Program Files\Microsoft Visual Studio\18\Community\VC\Tools\MSVC\14.50.35717\include\fstream(20,1):
      see declaration of 'std'
  
E:\Downloads\Plugins\common\Settings.h(113,30): error C3861: 'exists': identifier not found
  (compiling source file 'main.cpp')
  
E:\Downloads\Plugins\common\Settings.h(117,18): error C3083: 'filesystem': the symbol to the left of a '::' must be a type
  (compiling source file 'main.cpp')
  
E:\Downloads\Plugins\common\Settings.h(117,30): error C2039: 'exists': is not a member of 'std'
  (compiling source file 'main.cpp')
      C:\Program Files\Microsoft Visual Studio\18\Community\VC\Tools\MSVC\14.50.35717\include\fstream(20,1):
      see declaration of 'std'
  
E:\Downloads\Plugins\common\Settings.h(117,30): error C3861: 'exists': identifier not found
  (compiling source file 'main.cpp')
  
E:\Downloads\Plugins\common\Settings.h(126,18): error C3083: 'filesystem': the symbol to the left of a '::' must be a type
  (compiling source file 'main.cpp')
  
E:\Downloads\Plugins\common\Settings.h(126,30): error C2039: 'exists': is not a member of 'std'
  (compiling source file 'main.cpp')
      C:\Program Files\Microsoft Visual Studio\18\Community\VC\Tools\MSVC\14.50.35717\include\fstream(20,1):
      see declaration of 'std'
  
E:\Downloads\Plugins\common\Settings.h(126,30): error C3861: 'exists': identifier not found
  (compiling source file 'main.cpp')
  
E:\Downloads\Plugins\common\Settings.h(130,18): error C3083: 'filesystem': the symbol to the left of a '::' must be a type
  (compiling source file 'main.cpp')
  
E:\Downloads\Plugins\common\Settings.h(130,30): error C2039: 'exists': is not a member of 'std'
  (compiling source file 'main.cpp')
      C:\Program Files\Microsoft Visual Studio\18\Community\VC\Tools\MSVC\14.50.35717\include\fstream(20,1):
      see declaration of 'std'
  
E:\Downloads\Plugins\common\Settings.h(130,30): error C3861: 'exists': identifier not found
  (compiling source file 'main.cpp')
  
E:\Downloads\Plugins\common\Settings.h(134,18): error C3083: 'filesystem': the symbol to the left of a '::' must be a type
  (compiling source file 'main.cpp')
  
E:\Downloads\Plugins\common\Settings.h(134,30): error C2039: 'exists': is not a member of 'std'
  (compiling source file 'main.cpp')
      C:\Program Files\Microsoft Visual Studio\18\Community\VC\Tools\MSVC\14.50.35717\include\fstream(20,1):
      see declaration of 'std'
  
E:\Downloads\Plugins\common\Settings.h(134,30): error C3861: 'exists': identifier not found
  (compiling source file 'main.cpp')
  
E:\Downloads\Plugins\common\Settings.h(138,18): error C3083: 'filesystem': the symbol to the left of a '::' must be a type
  (compiling source file 'main.cpp')
  
E:\Downloads\Plugins\common\Settings.h(138,30): error C2039: 'exists': is not a member of 'std'
  (compiling source file 'main.cpp')
      C:\Program Files\Microsoft Visual Studio\18\Community\VC\Tools\MSVC\14.50.35717\include\fstream(20,1):
      see declaration of 'std'
  
E:\Downloads\Plugins\common\Settings.h(138,30): error C3861: 'exists': identifier not found
  (compiling source file 'main.cpp')
  
E:\Downloads\Plugins\common\Settings.h(141,18): error C3083: 'filesystem': the symbol to the left of a '::' must be a type
  (compiling source file 'main.cpp')
  
E:\Downloads\Plugins\common\Settings.h(141,30): error C2039: 'exists': is not a member of 'std'
  (compiling source file 'main.cpp')
      C:\Program Files\Microsoft Visual Studio\18\Community\VC\Tools\MSVC\14.50.35717\include\fstream(20,1):
      see declaration of 'std'
  
E:\Downloads\Plugins\common\Settings.h(141,30): error C3861: 'exists': identifier not found
  (compiling source file 'main.cpp')
  
E:\Downloads\Plugins\common\Settings.h(145,18): error C3083: 'filesystem': the symbol to the left of a '::' must be a type
  (compiling source file 'main.cpp')
  
E:\Downloads\Plugins\common\Settings.h(145,30): error C2039: 'exists': is not a member of 'std'
  (compiling source file 'main.cpp')
      C:\Program Files\Microsoft Visual Studio\18\Community\VC\Tools\MSVC\14.50.35717\include\fstream(20,1):
      see declaration of 'std'
  
E:\Downloads\Plugins\common\Settings.h(145,30): error C3861: 'exists': identifier not found
  (compiling source file 'main.cpp')
  
E:\Downloads\Plugins\common\Settings.h(154,18): error C3083: 'filesystem': the symbol to the left of a '::' must be a type
  (compiling source file 'main.cpp')
  
E:\Downloads\Plugins\common\Settings.h(154,30): error C2039: 'exists': is not a member of 'std'
  (compiling source file 'main.cpp')
      C:\Program Files\Microsoft Visual Studio\18\Community\VC\Tools\MSVC\14.50.35717\include\fstream(20,1):
      see declaration of 'std'
  
E:\Downloads\Plugins\common\Settings.h(154,30): error C3861: 'exists': identifier not found
  (compiling source file 'main.cpp')
  
E:\Downloads\Plugins\common\Settings.h(158,18): error C3083: 'filesystem': the symbol to the left of a '::' must be a type
  (compiling source file 'main.cpp')
  
E:\Downloads\Plugins\common\Settings.h(158,30): error C2039: 'exists': is not a member of 'std'
  (compiling source file 'main.cpp')
      C:\Program Files\Microsoft Visual Studio\18\Community\VC\Tools\MSVC\14.50.35717\include\fstream(20,1):
      see declaration of 'std'
  
E:\Downloads\Plugins\common\Settings.h(158,30): error C3861: 'exists': identifier not found
  (compiling source file 'main.cpp')
  
E:\Downloads\Plugins\common\Settings.h(162,18): error C3083: 'filesystem': the symbol to the left of a '::' must be a type
  (compiling source file 'main.cpp')
  
E:\Downloads\Plugins\common\Settings.h(162,30): error C2039: 'exists': is not a member of 'std'
  (compiling source file 'main.cpp')
      C:\Program Files\Microsoft Visual Studio\18\Community\VC\Tools\MSVC\14.50.35717\include\fstream(20,1):
      see declaration of 'std'
  
E:\Downloads\Plugins\common\Settings.h(162,30): error C3861: 'exists': identifier not found
  (compiling source file 'main.cpp')
  
E:\Downloads\Plugins\common\Settings.h(166,18): error C3083: 'filesystem': the symbol to the left of a '::' must be a type
  (compiling source file 'main.cpp')
  
E:\Downloads\Plugins\common\Settings.h(166,30): error C2039: 'exists': is not a member of 'std'
  (compiling source file 'main.cpp')
      C:\Program Files\Microsoft Visual Studio\18\Community\VC\Tools\MSVC\14.50.35717\include\fstream(20,1):
      see declaration of 'std'
  
E:\Downloads\Plugins\common\Settings.h(166,30): error C3861: 'exists': identifier not found
  (compiling source file 'main.cpp')
  
E:\Downloads\Plugins\common\Settings.h(170,18): error C3083: 'filesystem': the symbol to the left of a '::' must be a type
  (compiling source file 'main.cpp')
  
E:\Downloads\Plugins\common\Settings.h(170,30): error C2039: 'exists': is not a member of 'std'
  (compiling source file 'main.cpp')
      C:\Program Files\Microsoft Visual Studio\18\Community\VC\Tools\MSVC\14.50.35717\include\fstream(20,1):
      see declaration of 'std'
  
E:\Downloads\Plugins\common\Settings.h(170,30): error C3861: 'exists': identifier not found
  (compiling source file 'main.cpp')
  
E:\Downloads\Plugins\common\Settings.h(174,18): error C3083: 'filesystem': the symbol to the left of a '::' must be a type
  (compiling source file 'main.cpp')
  
E:\Downloads\Plugins\common\Settings.h(174,30): error C2039: 'exists': is not a member of 'std'
  (compiling source file 'main.cpp')
      C:\Program Files\Microsoft Visual Studio\18\Community\VC\Tools\MSVC\14.50.35717\include\fstream(20,1):
      see declaration of 'std'
  
E:\Downloads\Plugins\common\Settings.h(174,30): error C3861: 'exists': identifier not found
  (compiling source file 'main.cpp')
  
E:\Downloads\Plugins\common\Settings.h(183,18): error C3083: 'filesystem': the symbol to the left of a '::' must be a type
  (compiling source file 'main.cpp')
  
E:\Downloads\Plugins\common\Settings.h(183,30): error C2039: 'exists': is not a member of 'std'
  (compiling source file 'main.cpp')
      C:\Program Files\Microsoft Visual Studio\18\Community\VC\Tools\MSVC\14.50.35717\include\fstream(20,1):
      see declaration of 'std'
  
E:\Downloads\Plugins\common\Settings.h(183,30): error C3861: 'exists': identifier not found
  (compiling source file 'main.cpp')
  
E:\Downloads\Plugins\common\Settings.h(187,18): error C3083: 'filesystem': the symbol to the left of a '::' must be a type
  (compiling source file 'main.cpp')
  
E:\Downloads\Plugins\common\Settings.h(187,30): error C2039: 'exists': is not a member of 'std'
  (compiling source file 'main.cpp')
      C:\Program Files\Microsoft Visual Studio\18\Community\VC\Tools\MSVC\14.50.35717\include\fstream(20,1):
      see declaration of 'std'
  
E:\Downloads\Plugins\common\Settings.h(187,30): error C3861: 'exists': identifier not found
  (compiling source file 'main.cpp')
  
E:\Downloads\Plugins\common\Settings.h(191,18): error C3083: 'filesystem': the symbol to the left of a '::' must be a type
  (compiling source file 'main.cpp')
  
E:\Downloads\Plugins\common\Settings.h(191,30): error C2039: 'exists': is not a member of 'std'
  (compiling source file 'main.cpp')
      C:\Program Files\Microsoft Visual Studio\18\Community\VC\Tools\MSVC\14.50.35717\include\fstream(20,1):
      see declaration of 'std'
  
E:\Downloads\Plugins\common\Settings.h(191,30): error C3861: 'exists': identifier not found
  (compiling source file 'main.cpp')
  
E:\Downloads\Plugins\common\Settings.h(195,18): error C3083: 'filesystem': the symbol to the left of a '::' must be a type
  (compiling source file 'main.cpp')
  
E:\Downloads\Plugins\common\Settings.h(195,30): error C2039: 'exists': is not a member of 'std'
  (compiling source file 'main.cpp')
      C:\Program Files\Microsoft Visual Studio\18\Community\VC\Tools\MSVC\14.50.35717\include\fstream(20,1):
      see declaration of 'std'
  
E:\Downloads\Plugins\common\Settings.h(195,30): error C3861: 'exists': identifier not found
  (compiling source file 'main.cpp')
  
E:\Downloads\Plugins\common\Settings.h(199,18): error C3083: 'filesystem': the symbol to the left of a '::' must be a type
  (compiling source file 'main.cpp')
  
E:\Downloads\Plugins\common\Settings.h(199,30): error C2039: 'exists': is not a member of 'std'
  (compiling source file 'main.cpp')
      C:\Program Files\Microsoft Visual Studio\18\Community\VC\Tools\MSVC\14.50.35717\include\fstream(20,1):
      see declaration of 'std'
  
E:\Downloads\Plugins\common\Settings.h(199,30): error C3861: 'exists': identifier not found
  (compiling source file 'main.cpp')
  
E:\Downloads\Plugins\common\Settings.h(203,18): error C3083: 'filesystem': the symbol to the left of a '::' must be a type
  (compiling source file 'main.cpp')
  
E:\Downloads\Plugins\common\Settings.h(203,30): error C2039: 'exists': is not a member of 'std'
  (compiling source file 'main.cpp')
      C:\Program Files\Microsoft Visual Studio\18\Community\VC\Tools\MSVC\14.50.35717\include\fstream(20,1):
      see declaration of 'std'
  
E:\Downloads\Plugins\common\Settings.h(203,30): error C3861: 'exists': identifier not found
  (compiling source file 'main.cpp')
  
E:\Downloads\Plugins\common\Settings.h(207,18): error C3083: 'filesystem': the symbol to the left of a '::' must be a type
  (compiling source file 'main.cpp')
  
E:\Downloads\Plugins\common\Settings.h(207,30): error C2039: 'exists': is not a member of 'std'
  (compiling source file 'main.cpp')
      C:\Program Files\Microsoft Visual Studio\18\Community\VC\Tools\MSVC\14.50.35717\include\fstream(20,1):
      see declaration of 'std'
  
E:\Downloads\Plugins\common\Settings.h(207,30): error C3861: 'exists': identifier not found
  (compiling source file 'main.cpp')
  
E:\Downloads\Plugins\common\Settings.h(211,18): error C3083: 'filesystem': the symbol to the left of a '::' must be a type
  (compiling source file 'main.cpp')
  
E:\Downloads\Plugins\common\Settings.h(211,30): error C2039: 'exists': is not a member of 'std'
  (compiling source file 'main.cpp')
      C:\Program Files\Microsoft Visual Studio\18\Community\VC\Tools\MSVC\14.50.35717\include\fstream(20,1):
      see declaration of 'std'
  
E:\Downloads\Plugins\common\Settings.h(211,30): error C3861: 'exists': identifier not found
  (compiling source file 'main.cpp')
  
E:\Downloads\Plugins\common\Settings.h(235,20): warning C4244: 'initializing': conversion from 'std::streamoff' to 'long', possible loss of data
  (compiling source file 'main.cpp')
  
E:\Downloads\Plugins\common\Settings.h(258,20): warning C4244: 'initializing': conversion from 'std::streamoff' to 'long', possible loss of data
  (compiling source file 'main.cpp')
  
E:\Downloads\Plugins\common\Settings.h(309,20): warning C4244: 'initializing': conversion from 'std::streamoff' to 'long', possible loss of data
  (compiling source file 'main.cpp')
  
E:\Downloads\Plugins\Lootwhore\main.cpp(24,53): error C2664: 'HMODULE GetModuleHandleW(LPCWSTR)': cannot convert argument 1 from 'const char [13]' to 'LPCWSTR'
      E:\Downloads\Plugins\Lootwhore\main.cpp(24,69):
      Types pointed to are unrelated; conversion requires reinterpret_cast, C-style cast or parenthesized function-style cast
      C:\Program Files (x86)\Windows Kits\10\Include\10.0.26100.0\um\libloaderapi.h(245,1):
      see declaration of 'GetModuleHandleW'
      E:\Downloads\Plugins\Lootwhore\main.cpp(24,53):
      while trying to match the argument list '(const char [13])'
  
E:\Downloads\Plugins\Lootwhore\main.cpp(25,45): warning C4244: '=': conversion from 'uintptr_t' to 'DWORD', possible loss of data
E:\Downloads\Plugins\Lootwhore\main.cpp(26,45): warning C4244: '=': conversion from 'uintptr_t' to 'DWORD', possible loss of data
E:\Downloads\Plugins\Lootwhore\main.cpp(40,19): warning C4312: 'type cast': conversion from 'DWORD' to 'uint8_t *' of greater size
E:\Downloads\Plugins\Lootwhore\main.cpp(47,18): warning C4312: 'type cast': conversion from 'DWORD' to 'uint8_t *' of greater size
  packets.cpp
E:\Downloads\Plugins\sdk\Chat.h(36,11): error C2429: language feature 'nested-namespace-definition' requires compiler flag '/std:c++17'
  (compiling source file 'packets.cpp')
  
E:\Downloads\Plugins\sdk\Commands.h(43,11): error C2429: language feature 'nested-namespace-definition' requires compiler flag '/std:c++17'
  (compiling source file 'packets.cpp')
  
E:\Downloads\Plugins\sdk\Commands.h(57,21): error C3083: 'ranges': the symbol to the left of a '::' must be a type
  (compiling source file 'packets.cpp')
  
E:\Downloads\Plugins\sdk\Commands.h(57,29): error C2672: 'std::any_of': no matching overloaded function found
  (compiling source file 'packets.cpp')
      C:\Program Files\Microsoft Visual Studio\18\Community\VC\Tools\MSVC\14.50.35717\include\algorithm(1530,30):
      could be 'bool std::any_of(const _InIt,const _InIt,_Pr)'
          E:\Downloads\Plugins\sdk\Commands.h(57,29):
          'bool std::any_of(const _InIt,const _InIt,_Pr)': expects 3 arguments - 2 provided
  
E:\Downloads\Plugins\sdk\Commands.h(156,26): warning C4267: 'return': conversion from 'size_t' to 'uint32_t', possible loss of data
  (compiling source file 'packets.cpp')
  
E:\Downloads\Plugins\sdk\ErrorHandling.h(51,11): error C2429: language feature 'nested-namespace-definition' requires compiler flag '/std:c++17'
  (compiling source file 'packets.cpp')
  
E:\Downloads\Plugins\sdk\ErrorHandling.h(156,34): warning C4535: calling _set_se_translator() requires /EHa
  (compiling source file 'packets.cpp')
  
E:\Downloads\Plugins\sdk\Memory.h(110,1): error C2429: language feature 'init-statements in if/switch' requires compiler flag '/std:c++17'
  (compiling source file 'packets.cpp')
  
E:\Downloads\Plugins\sdk\Threading.h(37,11): error C2429: language feature 'nested-namespace-definition' requires compiler flag '/std:c++17'
  (compiling source file 'packets.cpp')
  
E:\Downloads\Plugins\sdk\Threading.h(356,1): error C2429: language feature 'init-statements in if/switch' requires compiler flag '/std:c++17'
  (compiling source file 'packets.cpp')
  
E:\Downloads\Plugins\sdk\ffxi\autofollow.h(34,11): error C2429: language feature 'nested-namespace-definition' requires compiler flag '/std:c++17'
  (compiling source file 'packets.cpp')
  
E:\Downloads\Plugins\sdk\ffxi\castbar.h(34,11): error C2429: language feature 'nested-namespace-definition' requires compiler flag '/std:c++17'
  (compiling source file 'packets.cpp')
  
E:\Downloads\Plugins\sdk\ffxi\config.h(42,11): error C2429: language feature 'nested-namespace-definition' requires compiler flag '/std:c++17'
  (compiling source file 'packets.cpp')
  
E:\Downloads\Plugins\sdk\ffxi\entity.h(34,11): error C2429: language feature 'nested-namespace-definition' requires compiler flag '/std:c++17'
  (compiling source file 'packets.cpp')
  
E:\Downloads\Plugins\sdk\ffxi\enums.h(33,11): error C2429: language feature 'nested-namespace-definition' requires compiler flag '/std:c++17'
  (compiling source file 'packets.cpp')
  
E:\Downloads\Plugins\sdk\ffxi\inventory.h(35,11): error C2429: language feature 'nested-namespace-definition' requires compiler flag '/std:c++17'
  (compiling source file 'packets.cpp')
  
E:\Downloads\Plugins\sdk\ffxi\party.h(34,11): error C2429: language feature 'nested-namespace-definition' requires compiler flag '/std:c++17'
  (compiling source file 'packets.cpp')
  
E:\Downloads\Plugins\sdk\ffxi\player.h(34,11): error C2429: language feature 'nested-namespace-definition' requires compiler flag '/std:c++17'
  (compiling source file 'packets.cpp')
  
E:\Downloads\Plugins\sdk\ffxi\target.h(34,11): error C2429: language feature 'nested-namespace-definition' requires compiler flag '/std:c++17'
  (compiling source file 'packets.cpp')
  
E:\Downloads\Plugins\common\Output.h(33,24): warning C4267: 'initializing': conversion from 'size_t' to 'int', possible loss of data
  (compiling source file 'packets.cpp')
  
E:\Downloads\Plugins\common\Output.h(37,35): warning C4267: '=': conversion from 'size_t' to 'int', possible loss of data
  (compiling source file 'packets.cpp')
  
E:\Downloads\Plugins\common\Output.h(40,27): warning C4267: '=': conversion from 'size_t' to 'int', possible loss of data
  (compiling source file 'packets.cpp')
  
E:\Downloads\Plugins\common\Output.h(44,35): warning C4267: '=': conversion from 'size_t' to 'int', possible loss of data
  (compiling source file 'packets.cpp')
  
E:\Downloads\Plugins\common\Output.h(76,24): warning C4267: 'initializing': conversion from 'size_t' to 'int', possible loss of data
  (compiling source file 'packets.cpp')
  
E:\Downloads\Plugins\common\Output.h(80,35): warning C4267: '=': conversion from 'size_t' to 'int', possible loss of data
  (compiling source file 'packets.cpp')
  
E:\Downloads\Plugins\common\Output.h(83,27): warning C4267: '=': conversion from 'size_t' to 'int', possible loss of data
  (compiling source file 'packets.cpp')
  
E:\Downloads\Plugins\common\Output.h(87,35): warning C4267: '=': conversion from 'size_t' to 'int', possible loss of data
  (compiling source file 'packets.cpp')
  
E:\Downloads\Plugins\common\Output.h(110,24): warning C4267: 'initializing': conversion from 'size_t' to 'int', possible loss of data
  (compiling source file 'packets.cpp')
  
E:\Downloads\Plugins\common\Output.h(114,35): warning C4267: '=': conversion from 'size_t' to 'int', possible loss of data
  (compiling source file 'packets.cpp')
  
E:\Downloads\Plugins\common\Output.h(117,27): warning C4267: '=': conversion from 'size_t' to 'int', possible loss of data
  (compiling source file 'packets.cpp')
  
E:\Downloads\Plugins\common\Output.h(121,35): warning C4267: '=': conversion from 'size_t' to 'int', possible loss of data
  (compiling source file 'packets.cpp')
  
C:\Program Files\Microsoft Visual Studio\18\Community\VC\Tools\MSVC\14.50.35717\include\filesystem(12): warning STL4038: The contents of <filesystem> are available only with C++17 or later.
E:\Downloads\Plugins\common\Settings.h(83,24): error C3083: 'filesystem': the symbol to the left of a '::' must be a type
  (compiling source file 'packets.cpp')
  
E:\Downloads\Plugins\common\Settings.h(83,36): error C2039: 'exists': is not a member of 'std'
  (compiling source file 'packets.cpp')
      C:\Program Files\Microsoft Visual Studio\18\Community\VC\Tools\MSVC\14.50.35717\include\fstream(20,1):
      see declaration of 'std'
  
E:\Downloads\Plugins\common\Settings.h(83,36): error C2064: term does not evaluate to a function taking 1 arguments
  (compiling source file 'packets.cpp')
  
E:\Downloads\Plugins\common\Settings.h(91,18): error C3083: 'filesystem': the symbol to the left of a '::' must be a type
  (compiling source file 'packets.cpp')
  
E:\Downloads\Plugins\common\Settings.h(91,30): error C2039: 'exists': is not a member of 'std'
  (compiling source file 'packets.cpp')
      C:\Program Files\Microsoft Visual Studio\18\Community\VC\Tools\MSVC\14.50.35717\include\fstream(20,1):
      see declaration of 'std'
  
E:\Downloads\Plugins\common\Settings.h(91,30): error C3861: 'exists': identifier not found
  (compiling source file 'packets.cpp')
  
E:\Downloads\Plugins\common\Settings.h(95,18): error C3083: 'filesystem': the symbol to the left of a '::' must be a type
  (compiling source file 'packets.cpp')
  
E:\Downloads\Plugins\common\Settings.h(95,30): error C2039: 'exists': is not a member of 'std'
  (compiling source file 'packets.cpp')
      C:\Program Files\Microsoft Visual Studio\18\Community\VC\Tools\MSVC\14.50.35717\include\fstream(20,1):
      see declaration of 'std'
  
E:\Downloads\Plugins\common\Settings.h(95,30): error C3861: 'exists': identifier not found
  (compiling source file 'packets.cpp')
  
E:\Downloads\Plugins\common\Settings.h(105,18): error C3083: 'filesystem': the symbol to the left of a '::' must be a type
  (compiling source file 'packets.cpp')
  
E:\Downloads\Plugins\common\Settings.h(105,30): error C2039: 'exists': is not a member of 'std'
  (compiling source file 'packets.cpp')
      C:\Program Files\Microsoft Visual Studio\18\Community\VC\Tools\MSVC\14.50.35717\include\fstream(20,1):
      see declaration of 'std'
  
E:\Downloads\Plugins\common\Settings.h(105,30): error C3861: 'exists': identifier not found
  (compiling source file 'packets.cpp')
  
E:\Downloads\Plugins\common\Settings.h(109,18): error C3083: 'filesystem': the symbol to the left of a '::' must be a type
  (compiling source file 'packets.cpp')
  
E:\Downloads\Plugins\common\Settings.h(109,30): error C2039: 'exists': is not a member of 'std'
  (compiling source file 'packets.cpp')
      C:\Program Files\Microsoft Visual Studio\18\Community\VC\Tools\MSVC\14.50.35717\include\fstream(20,1):
      see declaration of 'std'
  
E:\Downloads\Plugins\common\Settings.h(109,30): error C3861: 'exists': identifier not found
  (compiling source file 'packets.cpp')
  
E:\Downloads\Plugins\common\Settings.h(113,18): error C3083: 'filesystem': the symbol to the left of a '::' must be a type
  (compiling source file 'packets.cpp')
  
E:\Downloads\Plugins\common\Settings.h(113,30): error C2039: 'exists': is not a member of 'std'
  (compiling source file 'packets.cpp')
      C:\Program Files\Microsoft Visual Studio\18\Community\VC\Tools\MSVC\14.50.35717\include\fstream(20,1):
      see declaration of 'std'
  
E:\Downloads\Plugins\common\Settings.h(113,30): error C3861: 'exists': identifier not found
  (compiling source file 'packets.cpp')
  
E:\Downloads\Plugins\common\Settings.h(117,18): error C3083: 'filesystem': the symbol to the left of a '::' must be a type
  (compiling source file 'packets.cpp')
  
E:\Downloads\Plugins\common\Settings.h(117,30): error C2039: 'exists': is not a member of 'std'
  (compiling source file 'packets.cpp')
      C:\Program Files\Microsoft Visual Studio\18\Community\VC\Tools\MSVC\14.50.35717\include\fstream(20,1):
      see declaration of 'std'
  
E:\Downloads\Plugins\common\Settings.h(117,30): error C3861: 'exists': identifier not found
  (compiling source file 'packets.cpp')
  
E:\Downloads\Plugins\common\Settings.h(126,18): error C3083: 'filesystem': the symbol to the left of a '::' must be a type
  (compiling source file 'packets.cpp')
  
E:\Downloads\Plugins\common\Settings.h(126,30): error C2039: 'exists': is not a member of 'std'
  (compiling source file 'packets.cpp')
      C:\Program Files\Microsoft Visual Studio\18\Community\VC\Tools\MSVC\14.50.35717\include\fstream(20,1):
      see declaration of 'std'
  
E:\Downloads\Plugins\common\Settings.h(126,30): error C3861: 'exists': identifier not found
  (compiling source file 'packets.cpp')
  
E:\Downloads\Plugins\common\Settings.h(130,18): error C3083: 'filesystem': the symbol to the left of a '::' must be a type
  (compiling source file 'packets.cpp')
  
E:\Downloads\Plugins\common\Settings.h(130,30): error C2039: 'exists': is not a member of 'std'
  (compiling source file 'packets.cpp')
      C:\Program Files\Microsoft Visual Studio\18\Community\VC\Tools\MSVC\14.50.35717\include\fstream(20,1):
      see declaration of 'std'
  
E:\Downloads\Plugins\common\Settings.h(130,30): error C3861: 'exists': identifier not found
  (compiling source file 'packets.cpp')
  
E:\Downloads\Plugins\common\Settings.h(134,18): error C3083: 'filesystem': the symbol to the left of a '::' must be a type
  (compiling source file 'packets.cpp')
  
E:\Downloads\Plugins\common\Settings.h(134,30): error C2039: 'exists': is not a member of 'std'
  (compiling source file 'packets.cpp')
      C:\Program Files\Microsoft Visual Studio\18\Community\VC\Tools\MSVC\14.50.35717\include\fstream(20,1):
      see declaration of 'std'
  
E:\Downloads\Plugins\common\Settings.h(134,30): error C3861: 'exists': identifier not found
  (compiling source file 'packets.cpp')
  
E:\Downloads\Plugins\common\Settings.h(138,18): error C3083: 'filesystem': the symbol to the left of a '::' must be a type
  (compiling source file 'packets.cpp')
  
E:\Downloads\Plugins\common\Settings.h(138,30): error C2039: 'exists': is not a member of 'std'
  (compiling source file 'packets.cpp')
      C:\Program Files\Microsoft Visual Studio\18\Community\VC\Tools\MSVC\14.50.35717\include\fstream(20,1):
      see declaration of 'std'
  
E:\Downloads\Plugins\common\Settings.h(138,30): error C3861: 'exists': identifier not found
  (compiling source file 'packets.cpp')
  
E:\Downloads\Plugins\common\Settings.h(141,18): error C3083: 'filesystem': the symbol to the left of a '::' must be a type
  (compiling source file 'packets.cpp')
  
E:\Downloads\Plugins\common\Settings.h(141,30): error C2039: 'exists': is not a member of 'std'
  (compiling source file 'packets.cpp')
      C:\Program Files\Microsoft Visual Studio\18\Community\VC\Tools\MSVC\14.50.35717\include\fstream(20,1):
      see declaration of 'std'
  
E:\Downloads\Plugins\common\Settings.h(141,30): error C3861: 'exists': identifier not found
  (compiling source file 'packets.cpp')
  
E:\Downloads\Plugins\common\Settings.h(145,18): error C3083: 'filesystem': the symbol to the left of a '::' must be a type
  (compiling source file 'packets.cpp')
  
E:\Downloads\Plugins\common\Settings.h(145,30): error C2039: 'exists': is not a member of 'std'
  (compiling source file 'packets.cpp')
      C:\Program Files\Microsoft Visual Studio\18\Community\VC\Tools\MSVC\14.50.35717\include\fstream(20,1):
      see declaration of 'std'
  
E:\Downloads\Plugins\common\Settings.h(145,30): error C3861: 'exists': identifier not found
  (compiling source file 'packets.cpp')
  
E:\Downloads\Plugins\common\Settings.h(154,18): error C3083: 'filesystem': the symbol to the left of a '::' must be a type
  (compiling source file 'packets.cpp')
  
E:\Downloads\Plugins\common\Settings.h(154,30): error C2039: 'exists': is not a member of 'std'
  (compiling source file 'packets.cpp')
      C:\Program Files\Microsoft Visual Studio\18\Community\VC\Tools\MSVC\14.50.35717\include\fstream(20,1):
      see declaration of 'std'
  
E:\Downloads\Plugins\common\Settings.h(154,30): error C3861: 'exists': identifier not found
  (compiling source file 'packets.cpp')
  
E:\Downloads\Plugins\common\Settings.h(158,18): error C3083: 'filesystem': the symbol to the left of a '::' must be a type
  (compiling source file 'packets.cpp')
  
E:\Downloads\Plugins\common\Settings.h(158,30): error C2039: 'exists': is not a member of 'std'
  (compiling source file 'packets.cpp')
      C:\Program Files\Microsoft Visual Studio\18\Community\VC\Tools\MSVC\14.50.35717\include\fstream(20,1):
      see declaration of 'std'
  
E:\Downloads\Plugins\common\Settings.h(158,30): error C3861: 'exists': identifier not found
  (compiling source file 'packets.cpp')
  
E:\Downloads\Plugins\common\Settings.h(162,18): error C3083: 'filesystem': the symbol to the left of a '::' must be a type
  (compiling source file 'packets.cpp')
  
E:\Downloads\Plugins\common\Settings.h(162,30): error C2039: 'exists': is not a member of 'std'
  (compiling source file 'packets.cpp')
      C:\Program Files\Microsoft Visual Studio\18\Community\VC\Tools\MSVC\14.50.35717\include\fstream(20,1):
      see declaration of 'std'
  
E:\Downloads\Plugins\common\Settings.h(162,30): error C3861: 'exists': identifier not found
  (compiling source file 'packets.cpp')
  
E:\Downloads\Plugins\common\Settings.h(166,18): error C3083: 'filesystem': the symbol to the left of a '::' must be a type
  (compiling source file 'packets.cpp')
  
E:\Downloads\Plugins\common\Settings.h(166,30): error C2039: 'exists': is not a member of 'std'
  (compiling source file 'packets.cpp')
      C:\Program Files\Microsoft Visual Studio\18\Community\VC\Tools\MSVC\14.50.35717\include\fstream(20,1):
      see declaration of 'std'
  
E:\Downloads\Plugins\common\Settings.h(166,30): error C3861: 'exists': identifier not found
  (compiling source file 'packets.cpp')
  
E:\Downloads\Plugins\common\Settings.h(170,18): error C3083: 'filesystem': the symbol to the left of a '::' must be a type
  (compiling source file 'packets.cpp')
  
E:\Downloads\Plugins\common\Settings.h(170,30): error C2039: 'exists': is not a member of 'std'
  (compiling source file 'packets.cpp')
      C:\Program Files\Microsoft Visual Studio\18\Community\VC\Tools\MSVC\14.50.35717\include\fstream(20,1):
      see declaration of 'std'
  
E:\Downloads\Plugins\common\Settings.h(170,30): error C3861: 'exists': identifier not found
  (compiling source file 'packets.cpp')
  
E:\Downloads\Plugins\common\Settings.h(174,18): error C3083: 'filesystem': the symbol to the left of a '::' must be a type
  (compiling source file 'packets.cpp')
  
E:\Downloads\Plugins\common\Settings.h(174,30): error C2039: 'exists': is not a member of 'std'
  (compiling source file 'packets.cpp')
      C:\Program Files\Microsoft Visual Studio\18\Community\VC\Tools\MSVC\14.50.35717\include\fstream(20,1):
      see declaration of 'std'
  
E:\Downloads\Plugins\common\Settings.h(174,30): error C3861: 'exists': identifier not found
  (compiling source file 'packets.cpp')
  
E:\Downloads\Plugins\common\Settings.h(183,18): error C3083: 'filesystem': the symbol to the left of a '::' must be a type
  (compiling source file 'packets.cpp')
  
E:\Downloads\Plugins\common\Settings.h(183,30): error C2039: 'exists': is not a member of 'std'
  (compiling source file 'packets.cpp')
      C:\Program Files\Microsoft Visual Studio\18\Community\VC\Tools\MSVC\14.50.35717\include\fstream(20,1):
      see declaration of 'std'
  
E:\Downloads\Plugins\common\Settings.h(183,30): error C3861: 'exists': identifier not found
  (compiling source file 'packets.cpp')
  
E:\Downloads\Plugins\common\Settings.h(187,18): error C3083: 'filesystem': the symbol to the left of a '::' must be a type
  (compiling source file 'packets.cpp')
  
E:\Downloads\Plugins\common\Settings.h(187,30): error C2039: 'exists': is not a member of 'std'
  (compiling source file 'packets.cpp')
      C:\Program Files\Microsoft Visual Studio\18\Community\VC\Tools\MSVC\14.50.35717\include\fstream(20,1):
      see declaration of 'std'
  
E:\Downloads\Plugins\common\Settings.h(187,30): error C3861: 'exists': identifier not found
  (compiling source file 'packets.cpp')
  
E:\Downloads\Plugins\common\Settings.h(191,18): error C3083: 'filesystem': the symbol to the left of a '::' must be a type
  (compiling source file 'packets.cpp')
  
E:\Downloads\Plugins\common\Settings.h(191,30): error C2039: 'exists': is not a member of 'std'
  (compiling source file 'packets.cpp')
      C:\Program Files\Microsoft Visual Studio\18\Community\VC\Tools\MSVC\14.50.35717\include\fstream(20,1):
      see declaration of 'std'
  
E:\Downloads\Plugins\common\Settings.h(191,30): error C3861: 'exists': identifier not found
  (compiling source file 'packets.cpp')
  
E:\Downloads\Plugins\common\Settings.h(195,18): error C3083: 'filesystem': the symbol to the left of a '::' must be a type
  (compiling source file 'packets.cpp')
  
E:\Downloads\Plugins\common\Settings.h(195,30): error C2039: 'exists': is not a member of 'std'
  (compiling source file 'packets.cpp')
      C:\Program Files\Microsoft Visual Studio\18\Community\VC\Tools\MSVC\14.50.35717\include\fstream(20,1):
      see declaration of 'std'
  
E:\Downloads\Plugins\common\Settings.h(195,30): error C3861: 'exists': identifier not found
  (compiling source file 'packets.cpp')
  
E:\Downloads\Plugins\common\Settings.h(199,18): error C3083: 'filesystem': the symbol to the left of a '::' must be a type
  (compiling source file 'packets.cpp')
  
E:\Downloads\Plugins\common\Settings.h(199,30): error C2039: 'exists': is not a member of 'std'
  (compiling source file 'packets.cpp')
      C:\Program Files\Microsoft Visual Studio\18\Community\VC\Tools\MSVC\14.50.35717\include\fstream(20,1):
      see declaration of 'std'
  
E:\Downloads\Plugins\common\Settings.h(199,30): error C3861: 'exists': identifier not found
  (compiling source file 'packets.cpp')
  
E:\Downloads\Plugins\common\Settings.h(203,18): error C3083: 'filesystem': the symbol to the left of a '::' must be a type
  (compiling source file 'packets.cpp')
  
E:\Downloads\Plugins\common\Settings.h(203,30): error C2039: 'exists': is not a member of 'std'
  (compiling source file 'packets.cpp')
      C:\Program Files\Microsoft Visual Studio\18\Community\VC\Tools\MSVC\14.50.35717\include\fstream(20,1):
      see declaration of 'std'
  
E:\Downloads\Plugins\common\Settings.h(203,30): error C3861: 'exists': identifier not found
  (compiling source file 'packets.cpp')
  
E:\Downloads\Plugins\common\Settings.h(207,18): error C3083: 'filesystem': the symbol to the left of a '::' must be a type
  (compiling source file 'packets.cpp')
  
E:\Downloads\Plugins\common\Settings.h(207,30): error C2039: 'exists': is not a member of 'std'
  (compiling source file 'packets.cpp')
      C:\Program Files\Microsoft Visual Studio\18\Community\VC\Tools\MSVC\14.50.35717\include\fstream(20,1):
      see declaration of 'std'
  
E:\Downloads\Plugins\common\Settings.h(207,30): error C3861: 'exists': identifier not found
  (compiling source file 'packets.cpp')
  
E:\Downloads\Plugins\common\Settings.h(211,18): error C3083: 'filesystem': the symbol to the left of a '::' must be a type
  (compiling source file 'packets.cpp')
  
E:\Downloads\Plugins\common\Settings.h(211,30): error C2039: 'exists': is not a member of 'std'
  (compiling source file 'packets.cpp')
      C:\Program Files\Microsoft Visual Studio\18\Community\VC\Tools\MSVC\14.50.35717\include\fstream(20,1):
      see declaration of 'std'
  
E:\Downloads\Plugins\common\Settings.h(211,30): error C3861: 'exists': identifier not found
  (compiling source file 'packets.cpp')
  
E:\Downloads\Plugins\common\Settings.h(235,20): warning C4244: 'initializing': conversion from 'std::streamoff' to 'long', possible loss of data
  (compiling source file 'packets.cpp')
  
E:\Downloads\Plugins\common\Settings.h(258,20): warning C4244: 'initializing': conversion from 'std::streamoff' to 'long', possible loss of data
  (compiling source file 'packets.cpp')
  
E:\Downloads\Plugins\common\Settings.h(309,20): warning C4244: 'initializing': conversion from 'std::streamoff' to 'long', possible loss of data
  (compiling source file 'packets.cpp')
  
  Generating Code...
